task_index,category,label,objn,freq_bin,phrase_freq_in_category,source_image,condition_image,orig_source_path,orig_condition_path,pt1,pt2,bbox,orig_resolution,annot_source_size,annot_condition_size
1,mask,leather seat,leather-seat,head,17,images/mask/0001_mask_source.jpg,images/mask/0001_mask_condition.jpg,/scratch/peterwg/data/ImgEdit_mask/laion-aes/00001/00009/000098976.jpg,/scratch/peterwg/data/ImgEdit_mask/textmask_square/00001/00009/000098976_26_leather-seat.jpg,"[532, 723]","[1104, 818]","[643, 694, 993, 820]","{""height"": 1440, ""width"": 1920}",1024x768,1024x768
2,mask,balloons,balloons,head,228,images/mask/0002_mask_source.jpg,images/mask/0002_mask_condition.jpg,/scratch/peterwg/data/ImgEdit_mask/laion-aes/00000/00027/000275729.jpg,/scratch/peterwg/data/ImgEdit_mask/textmask_square/00000/00027/000275729_24_balloons.jpg,"[2594, 529]","[2983, 624]","[2649, 441, 2929, 686]","{""height"": 2448, ""width"": 3264}",1024x768,1024x768
3,mask,dresses,dresses,head,35,images/mask/0003_mask_source.jpg,images/mask/0003_mask_condition.jpg,/scratch/peterwg/data/ImgEdit_mask/laion-aes/00003/00039/000399506.jpg,/scratch/peterwg/data/ImgEdit_mask/textmask_square/00003/00039/000399506_1_dresses.jpg,"[1754, 1426]","[2116, 1521]","[0, 335, 3871, 2586]","{""height"": 2592, ""width"": 3872}",1024x685,1024x685
4,mask,ornaments,ornaments,head,82,images/mask/0004_mask_source.jpg,images/mask/0004_mask_condition.jpg,/scratch/peterwg/data/ImgEdit_mask/laion-aes/00002/00018/000187803.jpg,/scratch/peterwg/data/ImgEdit_mask/textmask_square/00002/00018/000187803_11_ornaments.jpg,"[2302, 311]","[2606, 381]","[2366, 198, 2543, 467]","{""height"": 2419, ""width"": 3642}",1024x680,1024x680
5,mask,chair covers,chair-covers,head,20,images/mask/0005_mask_source.jpg,images/mask/0005_mask_condition.jpg,/scratch/peterwg/data/ImgEdit_mask/laion-aes/00004/00004/000048685.jpg,/scratch/peterwg/data/ImgEdit_mask/textmask_square/00004/00004/000048685_2_chair-covers.jpg,"[1973, 1388]","[2560, 1483]","[2046, 1180, 2489, 1663]","{""height"": 1664, ""width"": 2500}",1024x681,1024x681
6,mask,floral dress,floral-dress,head,16,images/mask/0006_mask_source.jpg,images/mask/0006_mask_condition.jpg,/scratch/peterwg/data/ImgEdit_mask/laion-aes/00004/00001/000013141.jpg,/scratch/peterwg/data/ImgEdit_mask/textmask_square/00004/00001/000013141_15_floral-dress.jpg,"[924, 1289]","[1466, 1384]","[225, 1051, 2166, 1596]","{""height"": 1667, ""width"": 2500}",1024x682,1024x682
7,mask,cherries,cherries,head,24,images/mask/0007_mask_source.jpg,images/mask/0007_mask_condition.jpg,/scratch/peterwg/data/ImgEdit_mask/laion-aes/00002/00028/000282754.jpg,/scratch/peterwg/data/ImgEdit_mask/textmask_square/00002/00028/000282754_46_cherries.jpg,"[7, 176]","[384, 271]","[6, 0, 387, 423]","{""height"": 1600, ""width"": 2400}",1024x682,1024x682
8,mask,potted plant,potted-plant,head,20,images/mask/0008_mask_source.jpg,images/mask/0008_mask_condition.jpg,/scratch/peterwg/data/ImgEdit_mask/laion-aes/00001/00020/000205428.jpg,/scratch/peterwg/data/ImgEdit_mask/textmask_square/00001/00020/000205428_14_potted-plant.jpg,"[1492, 1170]","[1823, 1238]","[1565, 1085, 1751, 1296]","{""height"": 1536, ""width"": 2048}",1024x768,1024x768
9,mask,tea cups,tea-cups,head,13,images/mask/0009_mask_source.jpg,images/mask/0009_mask_condition.jpg,/scratch/peterwg/data/ImgEdit_mask/laion-aes/00003/00026/000264457.jpg,/scratch/peterwg/data/ImgEdit_mask/textmask_square/00003/00026/000264457_17_tea-cups.jpg,"[-11, 648]","[408, 743]","[28, 560, 368, 805]","{""height"": 1375, ""width"": 1600}",1024x880,1024x880
10,mask,leaves,leaves,head,18,images/mask/0010_mask_source.jpg,images/mask/0010_mask_condition.jpg,/scratch/peterwg/data/ImgEdit_mask/laion-aes/00001/00025/000256009.jpg,/scratch/peterwg/data/ImgEdit_mask/textmask_square/00001/00025/000256009_1_leaves.jpg,"[1097, 994]","[1390, 1089]","[986, 726, 1503, 1330]","{""height"": 1667, ""width"": 2500}",1024x682,1024x682
11,mask,countertops,countertops,head,20,images/mask/0011_mask_source.jpg,images/mask/0011_mask_condition.jpg,/scratch/peterwg/data/ImgEdit_mask/laion-aes/00004/00012/000126665.jpg,/scratch/peterwg/data/ImgEdit_mask/textmask_square/00004/00012/000126665_26_countertops.jpg,"[1597, 942]","[2046, 1024]","[1692, 927, 1952, 1012]","{""height"": 1944, ""width"": 2592}",1024x768,1024x768
12,mask,floral arrangements,floral-arrangements,head,26,images/mask/0012_mask_source.jpg,images/mask/0012_mask_condition.jpg,/scratch/peterwg/data/ImgEdit_mask/laion-aes/00003/00015/000151450.jpg,/scratch/peterwg/data/ImgEdit_mask/textmask_square/00003/00015/000151450_52_floral-arrangements.jpg,"[1124, 1745]","[1720, 1817]","[1253, 1540, 1591, 1995]","{""height"": 2000, ""width"": 3000}",1024x682,1024x682
13,mask,pyramid shaped structures,pyramid-shaped-structures,head,20,images/mask/0013_mask_source.jpg,images/mask/0013_mask_condition.jpg,/scratch/peterwg/data/ImgEdit_mask/laion-aes/00004/00038/000387928.jpg,/scratch/peterwg/data/ImgEdit_mask/textmask_square/00004/00038/000387928_11_pyramid-shaped-structures.jpg,"[196, 2277]","[810, 2338]","[324, 2054, 682, 2535]","{""height"": 3456, ""width"": 5184}",1024x682,1024x682
14,mask,bottles of alcohol,bottles-of-alcohol,head,16,images/mask/0014_mask_source.jpg,images/mask/0014_mask_condition.jpg,/scratch/peterwg/data/ImgEdit_mask/laion-aes/00003/00034/000345693.jpg,/scratch/peterwg/data/ImgEdit_mask/textmask_square/00003/00034/000345693_5_bottles-of-alcohol.jpg,"[656, 701]","[828, 746]","[686, 502, 798, 919]","{""height"": 1904, ""width"": 2853}",1024x683,1024x683
15,mask,flower bouquets,flower-bouquets,head,11,images/mask/0015_mask_source.jpg,images/mask/0015_mask_condition.jpg,/scratch/peterwg/data/ImgEdit_mask/laion-aes/00004/00036/000361344.jpg,/scratch/peterwg/data/ImgEdit_mask/textmask_square/00004/00036/000361344_33_flower-bouquets.jpg,"[296, 830]","[776, 902]","[400, 731, 673, 973]","{""height"": 1644, ""width"": 2500}",1024x673,1024x673
16,mask,curtains,curtains,head,77,images/mask/0016_mask_source.jpg,images/mask/0016_mask_condition.jpg,/scratch/peterwg/data/ImgEdit_mask/laion-aes/00000/00008/000086844.jpg,/scratch/peterwg/data/ImgEdit_mask/textmask_square/00000/00008/000086844_7_curtains.jpg,"[1694, 52]","[2062, 145]","[1774, 0, 1983, 171]","{""height"": 1536, ""width"": 2048}",1024x768,1024x768
17,mask,tomatoes,tomatoes,head,136,images/mask/0017_mask_source.jpg,images/mask/0017_mask_condition.jpg,/scratch/peterwg/data/ImgEdit_mask/laion-aes/00001/00011/000110683.jpg,/scratch/peterwg/data/ImgEdit_mask/textmask_square/00001/00011/000110683_11_tomatoes.jpg,"[362, 930]","[805, 1025]","[419, 833, 750, 1096]","{""height"": 2988, ""width"": 3984}",1023x767,1023x767
18,mask,flower,flower,head,29,images/mask/0018_mask_source.jpg,images/mask/0018_mask_condition.jpg,/scratch/peterwg/data/ImgEdit_mask/laion-aes/00002/00009/000093253.jpg,/scratch/peterwg/data/ImgEdit_mask/textmask_square/00002/00009/000093253_21_flower.jpg,"[1500, 786]","[1781, 881]","[1476, 695, 1807, 945]","{""height"": 1700, ""width"": 2400}",1024x725,1024x725
19,mask,chandeliers,chandeliers,head,27,images/mask/0019_mask_source.jpg,images/mask/0019_mask_condition.jpg,/scratch/peterwg/data/ImgEdit_mask/laion-aes/00001/00040/000404664.jpg,/scratch/peterwg/data/ImgEdit_mask/textmask_square/00001/00040/000404664_6_chandeliers.jpg,"[775, 309]","[1308, 404]","[873, 11, 1212, 675]","{""height"": 1667, ""width"": 2500}",1024x682,1024x682
20,mask,ski poles,ski-poles,head,64,images/mask/0020_mask_source.jpg,images/mask/0020_mask_condition.jpg,/scratch/peterwg/data/ImgEdit_mask/laion-aes/00002/00016/000164268.jpg,/scratch/peterwg/data/ImgEdit_mask/textmask_square/00002/00016/000164268_10_ski-poles.jpg,"[470, 913]","[892, 1008]","[472, 637, 890, 1258]","{""height"": 1363, ""width"": 2048}",1024x681,1024x681
21,mask,electric guitar,electric-guitar,head,16,images/mask/0021_mask_source.jpg,images/mask/0021_mask_condition.jpg,/scratch/peterwg/data/ImgEdit_mask/laion-aes/00004/00024/000241839.jpg,/scratch/peterwg/data/ImgEdit_mask/textmask_square/00004/00024/000241839_1_electric-guitar.jpg,"[825, 1374]","[1487, 1469]","[663, 1152, 1650, 1666]","{""height"": 1667, ""width"": 2500}",1024x682,1024x682
22,mask,cups,cups,head,182,images/mask/0022_mask_source.jpg,images/mask/0022_mask_condition.jpg,/scratch/peterwg/data/ImgEdit_mask/laion-aes/00004/00021/000210023.jpg,/scratch/peterwg/data/ImgEdit_mask/textmask_square/00004/00021/000210023_34_cups.jpg,"[1045, 1227]","[1269, 1322]","[1058, 1188, 1257, 1335]","{""height"": 1385, ""width"": 2081}",1024x681,1024x681
23,mask,butterfly,butterfly,head,11,images/mask/0023_mask_source.jpg,images/mask/0023_mask_condition.jpg,/scratch/peterwg/data/ImgEdit_mask/laion-aes/00000/00026/000262172.jpg,/scratch/peterwg/data/ImgEdit_mask/textmask_square/00000/00026/000262172_6_butterfly.jpg,"[2326, 928]","[2718, 1023]","[2255, 710, 2790, 1214]","{""height"": 4016, ""width"": 6016}",1024x683,1024x683
24,mask,pineapples,pineapples,head,35,images/mask/0024_mask_source.jpg,images/mask/0024_mask_condition.jpg,/scratch/peterwg/data/ImgEdit_mask/laion-aes/00002/00037/000370660.jpg,/scratch/peterwg/data/ImgEdit_mask/textmask_square/00002/00037/000370660_0_pineapples.jpg,"[869, 1497]","[1366, 1592]","[818, 708, 1418, 2355]","{""height"": 2448, ""width"": 3264}",1024x768,1024x768
25,mask,fireplace,fireplace,head,28,images/mask/0025_mask_source.jpg,images/mask/0025_mask_condition.jpg,/scratch/peterwg/data/ImgEdit_mask/laion-aes/00002/00030/000305294.jpg,/scratch/peterwg/data/ImgEdit_mask/textmask_square/00002/00030/000305294_56_fireplace.jpg,"[77, 839]","[401, 921]","[148, 662, 331, 1071]","{""height"": 1500, ""width"": 2000}",1024x768,1024x768
26,mask,crystal decanter,crystal-decanter,head,23,images/mask/0026_mask_source.jpg,images/mask/0026_mask_condition.jpg,/scratch/peterwg/data/ImgEdit_mask/laion-aes/00003/00032/000323575.jpg,/scratch/peterwg/data/ImgEdit_mask/textmask_square/00003/00032/000323575_19_crystal-decanter.jpg,"[2647, 1559]","[3213, 1637]","[2773, 1390, 3087, 1778]","{""height"": 3024, ""width"": 4032}",1024x768,1024x768
27,mask,buckets,buckets,head,40,images/mask/0027_mask_source.jpg,images/mask/0027_mask_condition.jpg,/scratch/peterwg/data/ImgEdit_mask/laion-aes/00004/00012/000129335.jpg,/scratch/peterwg/data/ImgEdit_mask/textmask_square/00004/00012/000129335_3_buckets.jpg,"[2246, 851]","[2611, 946]","[1855, 232, 3004, 1539]","{""height"": 2592, ""width"": 3888}",1024x682,1024x682
28,mask,candlesticks,candlesticks,head,12,images/mask/0028_mask_source.jpg,images/mask/0028_mask_condition.jpg,/scratch/peterwg/data/ImgEdit_mask/laion-aes/00002/00031/000318127.jpg,/scratch/peterwg/data/ImgEdit_mask/textmask_square/00002/00031/000318127_0_candlesticks.jpg,"[38, 909]","[347, 975]","[106, 256, 281, 1600]","{""height"": 3744, ""width"": 5616}",1024x682,1024x682
29,mask,rack,rack,head,27,images/mask/0029_mask_source.jpg,images/mask/0029_mask_condition.jpg,/scratch/peterwg/data/ImgEdit_mask/laion-aes/00001/00037/000372527.jpg,/scratch/peterwg/data/ImgEdit_mask/textmask_square/00001/00037/000372527_26_rack.jpg,"[2043, 1030]","[2249, 1125]","[2063, 919, 2230, 1210]","{""height"": 2333, ""width"": 3500}",1024x682,1024x682
30,mask,pool,pool,head,20,images/mask/0030_mask_source.jpg,images/mask/0030_mask_condition.jpg,/scratch/peterwg/data/ImgEdit_mask/laion-aes/00003/00012/000120561.jpg,/scratch/peterwg/data/ImgEdit_mask/textmask_square/00003/00012/000120561_28_pool.jpg,"[1149, 1405]","[1349, 1500]","[0, 1007, 2499, 1872]","{""height"": 1875, ""width"": 2500}",1024x768,1024x768
31,mask,party hats,party-hats,head,11,images/mask/0031_mask_source.jpg,images/mask/0031_mask_condition.jpg,/scratch/peterwg/data/ImgEdit_mask/laion-aes/00003/00016/000163263.jpg,/scratch/peterwg/data/ImgEdit_mask/textmask_square/00003/00016/000163263_14_party-hats.jpg,"[428, 155]","[838, 239]","[516, 25, 751, 341]","{""height"": 1414, ""width"": 2121}",1024x682,1024x682
32,mask,latches,latches,head,29,images/mask/0032_mask_source.jpg,images/mask/0032_mask_condition.jpg,/scratch/peterwg/data/ImgEdit_mask/laion-aes/00002/00016/000165296.jpg,/scratch/peterwg/data/ImgEdit_mask/textmask_square/00002/00016/000165296_52_latches.jpg,"[-29, 1742]","[309, 1837]","[0, 1634, 281, 1919]","{""height"": 1920, ""width"": 2560}",1024x768,1024x768
33,mask,costumes,costumes,head,46,images/mask/0033_mask_source.jpg,images/mask/0033_mask_condition.jpg,/scratch/peterwg/data/ImgEdit_mask/laion-aes/00004/00016/000167943.jpg,/scratch/peterwg/data/ImgEdit_mask/textmask_square/00004/00016/000167943_37_costumes.jpg,"[1591, 848]","[2046, 943]","[1591, 430, 2048, 1334]","{""height"": 2250, ""width"": 3000}",1024x768,1024x768
34,mask,couch,couch,head,24,images/mask/0034_mask_source.jpg,images/mask/0034_mask_condition.jpg,/scratch/peterwg/data/ImgEdit_mask/laion-aes/00004/00029/000290507.jpg,/scratch/peterwg/data/ImgEdit_mask/textmask_square/00004/00029/000290507_18_couch.jpg,"[2716, 1677]","[3000, 1772]","[2612, 1430, 3104, 1993]","{""height"": 2272, ""width"": 4032}",1024x577,1024x577
35,mask,suit,suit,head,65,images/mask/0035_mask_source.jpg,images/mask/0035_mask_condition.jpg,/scratch/peterwg/data/ImgEdit_mask/laion-aes/00002/00006/000062224.jpg,/scratch/peterwg/data/ImgEdit_mask/textmask_square/00002/00006/000062224_7_suit.jpg,"[2928, 1696]","[3101, 1791]","[2377, 1301, 3654, 2159]","{""height"": 2160, ""width"": 3840}",1024x576,1024x576
36,mask,The Creation of Adam,The-Creation-of-Adam,head,50,images/mask/0036_mask_source.jpg,images/mask/0036_mask_condition.jpg,/scratch/peterwg/data/ImgEdit_mask/laion-aes/00002/00035/000353705.jpg,/scratch/peterwg/data/ImgEdit_mask/textmask_square/00002/00035/000353705_14_The-Creation-of-Adam.jpg,"[2191, 1464]","[3237, 1559]","[1995, 1079, 3434, 1917]","{""height"": 3488, ""width"": 5175}",1024x690,1024x690
37,mask,elliptical machines,elliptical-machines,head,21,images/mask/0037_mask_source.jpg,images/mask/0037_mask_condition.jpg,/scratch/peterwg/data/ImgEdit_mask/laion-aes/00004/00037/000376513.jpg,/scratch/peterwg/data/ImgEdit_mask/textmask_square/00004/00037/000376513_23_elliptical-machines.jpg,"[396, 600]","[1271, 695]","[430, 310, 1239, 959]","{""height"": 1285, ""width"": 2000}",1024x657,1024x657
38,mask,exhaust system,exhaust-system,head,38,images/mask/0038_mask_source.jpg,images/mask/0038_mask_condition.jpg,/scratch/peterwg/data/ImgEdit_mask/laion-aes/00002/00023/000230751.jpg,/scratch/peterwg/data/ImgEdit_mask/textmask_square/00002/00023/000230751_2_exhaust-system.jpg,"[584, 931]","[1330, 1026]","[371, 883, 1544, 1048]","{""height"": 1280, ""width"": 1920}",1024x682,1024x682
39,mask,stand,stand,head,15,images/mask/0039_mask_source.jpg,images/mask/0039_mask_condition.jpg,/scratch/peterwg/data/ImgEdit_mask/laion-aes/00003/00017/000170626.jpg,/scratch/peterwg/data/ImgEdit_mask/textmask_square/00003/00017/000170626_36_stand.jpg,"[345, 1211]","[608, 1306]","[284, 1110, 671, 1380]","{""height"": 1667, ""width"": 2500}",1024x682,1024x682
40,mask,horse drawn carriage,horse-drawn-carriage,head,17,images/mask/0040_mask_source.jpg,images/mask/0040_mask_condition.jpg,/scratch/peterwg/data/ImgEdit_mask/laion-aes/00000/00036/000369108.jpg,/scratch/peterwg/data/ImgEdit_mask/textmask_square/00000/00036/000369108_0_horse-drawn-carriage.jpg,"[2327, 1340]","[2748, 1397]","[2422, 1274, 2655, 1437]","{""height"": 2268, ""width"": 3402}",1024x682,1024x682
41,mask,storefronts,storefronts,mid,5,images/mask/0041_mask_source.jpg,images/mask/0041_mask_condition.jpg,/scratch/peterwg/data/ImgEdit_mask/laion-aes/00002/00012/000126024.jpg,/scratch/peterwg/data/ImgEdit_mask/textmask_square/00002/00012/000126024_4_storefronts.jpg,"[773, 2031]","[1291, 2126]","[0, 1379, 2064, 2752]","{""height"": 4323, ""width"": 6505}",1024x680,1024x680
42,mask,yarn balls,yarn-balls,mid,4,images/mask/0042_mask_source.jpg,images/mask/0042_mask_condition.jpg,/scratch/peterwg/data/ImgEdit_mask/laion-aes/00001/00008/000089730.jpg,/scratch/peterwg/data/ImgEdit_mask/textmask_square/00001/00008/000089730_16_yarn-balls.jpg,"[1070, 1136]","[1537, 1231]","[1071, 1060, 1537, 1280]","{""height"": 1281, ""width"": 1920}",1024x683,1024x683
43,mask,white and blue scooter,white-and-blue-scooter,mid,4,images/mask/0043_mask_source.jpg,images/mask/0043_mask_condition.jpg,/scratch/peterwg/data/ImgEdit_mask/laion-aes/00002/00026/000262455.jpg,/scratch/peterwg/data/ImgEdit_mask/textmask_square/00002/00026/000262455_5_white-and-blue-scooter.jpg,"[224, 858]","[1321, 953]","[440, 587, 1106, 1198]","{""height"": 1320, ""width"": 1980}",1024x682,1024x682
44,mask,wood paneling,wood-paneling,mid,3,images/mask/0044_mask_source.jpg,images/mask/0044_mask_condition.jpg,/scratch/peterwg/data/ImgEdit_mask/laion-aes/00000/00003/000033662.jpg,/scratch/peterwg/data/ImgEdit_mask/textmask_square/00000/00003/000033662_17_wood-paneling.jpg,"[397, 668]","[1074, 763]","[471, 393, 1002, 1012]","{""height"": 1333, ""width"": 2000}",1024x682,1024x682
45,mask,necklaces,necklaces,mid,9,images/mask/0045_mask_source.jpg,images/mask/0045_mask_condition.jpg,/scratch/peterwg/data/ImgEdit_mask/laion-aes/00002/00028/000287423.jpg,/scratch/peterwg/data/ImgEdit_mask/textmask_square/00002/00028/000287423_17_necklaces.jpg,"[2131, 1028]","[2440, 1102]","[2199, 901, 2374, 1202]","{""height"": 1728, ""width"": 3072}",1024x576,1024x576
46,mask,slice,slice,mid,4,images/mask/0046_mask_source.jpg,images/mask/0046_mask_condition.jpg,/scratch/peterwg/data/ImgEdit_mask/laion-aes/00002/00037/000370935.jpg,/scratch/peterwg/data/ImgEdit_mask/textmask_square/00002/00037/000370935_5_slice.jpg,"[1507, 738]","[1719, 833]","[901, 135, 2325, 1410]","{""height"": 2212, ""width"": 3318}",1024x682,1024x682
47,mask,attendees,attendees,mid,7,images/mask/0047_mask_source.jpg,images/mask/0047_mask_condition.jpg,/scratch/peterwg/data/ImgEdit_mask/laion-aes/00000/00024/000242726.jpg,/scratch/peterwg/data/ImgEdit_mask/textmask_square/00000/00024/000242726_16_attendees.jpg,"[1997, 463]","[2352, 543]","[2076, 289, 2274, 689]","{""height"": 2058, ""width"": 3840}",1024x548,1024x548
48,mask,spokes,spokes,mid,2,images/mask/0048_mask_source.jpg,images/mask/0048_mask_condition.jpg,/scratch/peterwg/data/ImgEdit_mask/laion-aes/00000/00002/000028991.jpg,/scratch/peterwg/data/ImgEdit_mask/textmask_square/00000/00002/000028991_11_spokes.jpg,"[1296, 802]","[1622, 897]","[1283, 681, 1636, 992]","{""height"": 1280, ""width"": 1920}",1024x682,1024x682
49,mask,crumbs,crumbs,mid,2,images/mask/0049_mask_source.jpg,images/mask/0049_mask_condition.jpg,/scratch/peterwg/data/ImgEdit_mask/laion-aes/00003/00004/000042410.jpg,/scratch/peterwg/data/ImgEdit_mask/textmask_square/00003/00004/000042410_2_crumbs.jpg,"[405, 1091]","[758, 1186]","[67, 867, 1098, 1383]","{""height"": 1667, ""width"": 2500}",1024x682,1024x682
50,mask,black saddlebag,black-saddlebag,mid,6,images/mask/0050_mask_source.jpg,images/mask/0050_mask_condition.jpg,/scratch/peterwg/data/ImgEdit_mask/laion-aes/00000/00040/000402729.jpg,/scratch/peterwg/data/ImgEdit_mask/textmask_square/00000/00040/000402729_3_black-saddlebag.jpg,"[1083, 532]","[1494, 598]","[1173, 478, 1406, 624]","{""height"": 1440, ""width"": 1920}",1024x768,1024x768
51,mask,bottles of water,bottles-of-water,mid,1,images/mask/0051_mask_source.jpg,images/mask/0051_mask_condition.jpg,/scratch/peterwg/data/ImgEdit_mask/laion-aes/00002/00008/000085308.jpg,/scratch/peterwg/data/ImgEdit_mask/textmask_square/00002/00008/000085308_85_bottles-of-water.jpg,"[1577, 1336]","[1708, 1378]","[1604, 1253, 1682, 1434]","{""height"": 1536, ""width"": 2048}",1024x768,1024x768
52,mask,Honda dirt bikes,Honda-dirt-bikes,mid,2,images/mask/0052_mask_source.jpg,images/mask/0052_mask_condition.jpg,/scratch/peterwg/data/ImgEdit_mask/laion-aes/00003/00004/000041009.jpg,/scratch/peterwg/data/ImgEdit_mask/textmask_square/00003/00004/000041009_84_Honda-dirt-bikes.jpg,"[-51, 291]","[189, 342]","[0, 258, 142, 348]","{""height"": 1440, ""width"": 1920}",1024x768,1024x768
53,mask,stone building,stone-building,mid,4,images/mask/0053_mask_source.jpg,images/mask/0053_mask_condition.jpg,/scratch/peterwg/data/ImgEdit_mask/laion-aes/00004/00000/000000292.jpg,/scratch/peterwg/data/ImgEdit_mask/textmask_square/00004/00000/000000292_17_stone-building.jpg,"[2060, 1044]","[2417, 1110]","[2140, 1014, 2338, 1113]","{""height"": 1734, ""width"": 2600}",1024x682,1024x682
54,mask,Yamaha personal watercrafts,Yamaha-personal-watercrafts,mid,8,images/mask/0054_mask_source.jpg,images/mask/0054_mask_condition.jpg,/scratch/peterwg/data/ImgEdit_mask/laion-aes/00002/00001/000017937.jpg,/scratch/peterwg/data/ImgEdit_mask/textmask_square/00002/00001/000017937_6_Yamaha-personal-watercrafts.jpg,"[1650, 346]","[1979, 393]","[1711, 104, 1919, 609]","{""height"": 1440, ""width"": 1920}",1024x768,1024x768
55,mask,silver spoon,silver-spoon,mid,3,images/mask/0055_mask_source.jpg,images/mask/0055_mask_condition.jpg,/scratch/peterwg/data/ImgEdit_mask/laion-aes/00003/00033/000331793.jpg,/scratch/peterwg/data/ImgEdit_mask/textmask_square/00003/00033/000331793_4_silver-spoon.jpg,"[3267, 1556]","[3839, 1651]","[3258, 1427, 3849, 1753]","{""height"": 3232, ""width"": 4848}",1024x682,1024x682
56,mask,blue shorts,blue-shorts,mid,1,images/mask/0056_mask_source.jpg,images/mask/0056_mask_condition.jpg,/scratch/peterwg/data/ImgEdit_mask/laion-aes/00002/00040/000400647.jpg,/scratch/peterwg/data/ImgEdit_mask/textmask_square/00002/00040/000400647_9_blue-shorts.jpg,"[1139, 1341]","[1445, 1409]","[1208, 1256, 1377, 1467]","{""height"": 1667, ""width"": 2500}",1024x682,1024x682
57,mask,circular table,circular-table,mid,2,images/mask/0057_mask_source.jpg,images/mask/0057_mask_condition.jpg,/scratch/peterwg/data/ImgEdit_mask/laion-aes/00004/00024/000248730.jpg,/scratch/peterwg/data/ImgEdit_mask/textmask_square/00004/00024/000248730_0_circular-table.jpg,"[803, 1091]","[1432, 1186]","[860, 962, 1377, 1288]","{""height"": 1500, ""width"": 2000}",1024x768,1024x768
58,mask,mint,mint,mid,2,images/mask/0058_mask_source.jpg,images/mask/0058_mask_condition.jpg,/scratch/peterwg/data/ImgEdit_mask/laion-aes/00004/00016/000167825.jpg,/scratch/peterwg/data/ImgEdit_mask/textmask_square/00004/00016/000167825_8_mint.jpg,"[743, 2466]","[955, 2561]","[23, 1918, 1675, 3083]","{""height"": 4636, ""width"": 7000}",1024x678,1024x678
59,mask,braided blonde hair,braided-blonde-hair,mid,3,images/mask/0059_mask_source.jpg,images/mask/0059_mask_condition.jpg,/scratch/peterwg/data/ImgEdit_mask/laion-aes/00002/00016/000161406.jpg,/scratch/peterwg/data/ImgEdit_mask/textmask_square/00002/00016/000161406_4_braided-blonde-hair.jpg,"[1624, 715]","[2553, 810]","[1788, 234, 2391, 1264]","{""height"": 1667, ""width"": 2500}",1024x682,1024x682
60,mask,stone cottage,stone-cottage,mid,4,images/mask/0060_mask_source.jpg,images/mask/0060_mask_condition.jpg,/scratch/peterwg/data/ImgEdit_mask/laion-aes/00000/00030/000309051.jpg,/scratch/peterwg/data/ImgEdit_mask/textmask_square/00000/00030/000309051_0_stone-cottage.jpg,"[320, 663]","[979, 758]","[382, 568, 919, 826]","{""height"": 1330, ""width"": 2048}",1024x665,1024x665
61,mask,R2 D2 model,R2-D2-model,mid,2,images/mask/0061_mask_source.jpg,images/mask/0061_mask_condition.jpg,/scratch/peterwg/data/ImgEdit_mask/laion-aes/00002/00024/000244244.jpg,/scratch/peterwg/data/ImgEdit_mask/textmask_square/00002/00024/000244244_8_R2-D2-model.jpg,"[518, 629]","[959, 703]","[615, 501, 863, 804]","{""height"": 1297, ""width"": 1600}",1024x830,1024x830
62,mask,luxury vehicles,luxury-vehicles,mid,2,images/mask/0062_mask_source.jpg,images/mask/0062_mask_condition.jpg,/scratch/peterwg/data/ImgEdit_mask/laion-aes/00003/00020/000209297.jpg,/scratch/peterwg/data/ImgEdit_mask/textmask_square/00003/00020/000209297_6_luxury-vehicles.jpg,"[2163, 518]","[2858, 613]","[2131, 410, 2891, 694]","{""height"": 1985, ""width"": 3000}",1024x677,1024x677
63,mask,towel rack,towel-rack,mid,7,images/mask/0063_mask_source.jpg,images/mask/0063_mask_condition.jpg,/scratch/peterwg/data/ImgEdit_mask/laion-aes/00002/00025/000259874.jpg,/scratch/peterwg/data/ImgEdit_mask/textmask_square/00002/00025/000259874_30_towel-rack.jpg,"[1239, 549]","[1730, 644]","[1344, 553, 1626, 613]","{""height"": 1280, ""width"": 1920}",1024x682,1024x682
64,mask,balloon mural,balloon-mural,mid,2,images/mask/0064_mask_source.jpg,images/mask/0064_mask_condition.jpg,/scratch/peterwg/data/ImgEdit_mask/laion-aes/00003/00009/000096414.jpg,/scratch/peterwg/data/ImgEdit_mask/textmask_square/00003/00009/000096414_9_balloon-mural.jpg,"[514, 391]","[713, 442]","[556, 225, 672, 582]","{""height"": 1280, ""width"": 1920}",1024x682,1024x682
65,mask,pedestal,pedestal,mid,4,images/mask/0065_mask_source.jpg,images/mask/0065_mask_condition.jpg,/scratch/peterwg/data/ImgEdit_mask/laion-aes/00004/00035/000351957.jpg,/scratch/peterwg/data/ImgEdit_mask/textmask_square/00004/00035/000351957_3_pedestal.jpg,"[1329, 1169]","[1724, 1264]","[1271, 1064, 1783, 1342]","{""height"": 1358, ""width"": 2048}",1024x679,1024x679
66,mask,Ford Mustang GT,Ford-Mustang-GT,mid,2,images/mask/0066_mask_source.jpg,images/mask/0066_mask_condition.jpg,/scratch/peterwg/data/ImgEdit_mask/laion-aes/00003/00016/000164950.jpg,/scratch/peterwg/data/ImgEdit_mask/textmask_square/00003/00016/000164950_0_Ford-Mustang-GT.jpg,"[605, 727]","[1411, 822]","[63, 373, 1953, 1150]","{""height"": 1536, ""width"": 2048}",1024x768,1024x768
67,mask,boulders,boulders,mid,1,images/mask/0067_mask_source.jpg,images/mask/0067_mask_condition.jpg,/scratch/peterwg/data/ImgEdit_mask/laion-aes/00002/00004/000040356.jpg,/scratch/peterwg/data/ImgEdit_mask/textmask_square/00002/00004/000040356_7_boulders.jpg,"[3133, 1311]","[3534, 1406]","[2668, 571, 3999, 2119]","{""height"": 2248, ""width"": 4000}",1024x575,1024x575
68,mask,dip,dip,mid,1,images/mask/0068_mask_source.jpg,images/mask/0068_mask_condition.jpg,/scratch/peterwg/data/ImgEdit_mask/laion-aes/00004/00016/000161124.jpg,/scratch/peterwg/data/ImgEdit_mask/textmask_square/00004/00016/000161124_5_dip.jpg,"[1295, 475]","[1438, 570]","[1231, 423, 1504, 596]","{""height"": 1280, ""width"": 1920}",1024x682,1024x682
69,mask,blue jeans,blue-jeans,mid,6,images/mask/0069_mask_source.jpg,images/mask/0069_mask_condition.jpg,/scratch/peterwg/data/ImgEdit_mask/laion-aes/00002/00037/000373445.jpg,/scratch/peterwg/data/ImgEdit_mask/textmask_square/00002/00037/000373445_7_blue-jeans.jpg,"[798, 2377]","[1292, 2472]","[602, 1743, 1488, 3079]","{""height"": 3774, ""width"": 6708}",1023x576,1023x576
70,mask,food stands,food-stands,mid,3,images/mask/0070_mask_source.jpg,images/mask/0070_mask_condition.jpg,/scratch/peterwg/data/ImgEdit_mask/laion-aes/00001/00025/000253517.jpg,/scratch/peterwg/data/ImgEdit_mask/textmask_square/00001/00025/000253517_1_food-stands.jpg,"[-62, 1076]","[507, 1171]","[0, 941, 443, 1280]","{""height"": 1281, ""width"": 1920}",1024x683,1024x683
71,mask,Ferrari,Ferrari,tail,1,images/mask/0071_mask_source.jpg,images/mask/0071_mask_condition.jpg,/scratch/peterwg/data/ImgEdit_mask/laion-aes/00000/00005/000053717.jpg,/scratch/peterwg/data/ImgEdit_mask/textmask_square/00000/00005/000053717_1_Ferrari.jpg,"[881, 800]","[1192, 895]","[227, 555, 1847, 1113]","{""height"": 1283, ""width"": 1920}",1024x684,1024x684
72,mask,red handbag,red-handbag,tail,1,images/mask/0072_mask_source.jpg,images/mask/0072_mask_condition.jpg,/scratch/peterwg/data/ImgEdit_mask/laion-aes/00000/00037/000379238.jpg,/scratch/peterwg/data/ImgEdit_mask/textmask_square/00000/00037/000379238_0_red-handbag.jpg,"[641, 998]","[1024, 1070]","[725, 870, 941, 1170]","{""height"": 1473, ""width"": 2000}",1024x754,1024x754
73,mask,gray beanie,gray-beanie,tail,1,images/mask/0073_mask_source.jpg,images/mask/0073_mask_condition.jpg,/scratch/peterwg/data/ImgEdit_mask/laion-aes/00000/00012/000120449.jpg,/scratch/peterwg/data/ImgEdit_mask/textmask_square/00000/00012/000120449_15_gray-beanie.jpg,"[355, 193]","[894, 286]","[472, 54, 778, 398]","{""height"": 1280, ""width"": 1920}",1024x682,1024x682
74,mask,rear design,rear-design,tail,1,images/mask/0074_mask_source.jpg,images/mask/0074_mask_condition.jpg,/scratch/peterwg/data/ImgEdit_mask/laion-aes/00004/00027/000276050.jpg,/scratch/peterwg/data/ImgEdit_mask/textmask_square/00004/00027/000276050_8_rear-design.jpg,"[688, 218]","[1230, 313]","[0, 0, 1919, 506]","{""height"": 1440, ""width"": 1920}",1024x768,1024x768
75,mask,pendant necklace,pendant-necklace,tail,1,images/mask/0075_mask_source.jpg,images/mask/0075_mask_condition.jpg,/scratch/peterwg/data/ImgEdit_mask/laion-aes/00002/00036/000365274.jpg,/scratch/peterwg/data/ImgEdit_mask/textmask_square/00002/00036/000365274_12_pendant-necklace.jpg,"[185, 1106]","[1018, 1201]","[268, 1002, 936, 1279]","{""height"": 1280, ""width"": 1920}",1024x682,1024x682
76,mask,feathers,feathers,tail,1,images/mask/0076_mask_source.jpg,images/mask/0076_mask_condition.jpg,/scratch/peterwg/data/ImgEdit_mask/laion-aes/00000/00012/000124276.jpg,/scratch/peterwg/data/ImgEdit_mask/textmask_square/00000/00012/000124276_4_feathers.jpg,"[1823, 833]","[2212, 928]","[1486, 193, 2551, 1541]","{""height"": 2279, ""width"": 3418}",1024x682,1024x682
77,mask,roll pillow,roll-pillow,tail,1,images/mask/0077_mask_source.jpg,images/mask/0077_mask_condition.jpg,/scratch/peterwg/data/ImgEdit_mask/laion-aes/00003/00039/000395356.jpg,/scratch/peterwg/data/ImgEdit_mask/textmask_square/00003/00039/000395356_1_roll-pillow.jpg,"[1004, 1217]","[1453, 1312]","[938, 1028, 1520, 1475]","{""height"": 2700, ""width"": 4805}",1024x575,1024x575
78,mask,stew,stew,tail,1,images/mask/0078_mask_source.jpg,images/mask/0078_mask_condition.jpg,/scratch/peterwg/data/ImgEdit_mask/laion-aes/00001/00018/000181516.jpg,/scratch/peterwg/data/ImgEdit_mask/textmask_square/00001/00018/000181516_5_stew.jpg,"[3012, 2375]","[3224, 2470]","[950, 1406, 5286, 3412]","{""height"": 4032, ""width"": 6048}",1024x682,1024x682
79,mask,plateaus,plateaus,tail,1,images/mask/0079_mask_source.jpg,images/mask/0079_mask_condition.jpg,/scratch/peterwg/data/ImgEdit_mask/laion-aes/00001/00008/000086532.jpg,/scratch/peterwg/data/ImgEdit_mask/textmask_square/00001/00008/000086532_3_plateaus.jpg,"[1364, 1430]","[1762, 1525]","[628, 1260, 2499, 1669]","{""height"": 1671, ""width"": 2500}",1024x684,1024x684
80,mask,insect,insect,tail,1,images/mask/0080_mask_source.jpg,images/mask/0080_mask_condition.jpg,/scratch/peterwg/data/ImgEdit_mask/laion-aes/00001/00012/000124652.jpg,/scratch/peterwg/data/ImgEdit_mask/textmask_square/00001/00012/000124652_1_insect.jpg,"[1264, 867]","[1545, 962]","[980, 588, 1830, 1215]","{""height"": 1600, ""width"": 2560}",1024x640,1024x640
81,mask,marina,marina,tail,1,images/mask/0081_mask_source.jpg,images/mask/0081_mask_condition.jpg,/scratch/peterwg/data/ImgEdit_mask/laion-aes/00000/00011/000114084.jpg,/scratch/peterwg/data/ImgEdit_mask/textmask_square/00000/00011/000114084_4_marina.jpg,"[861, 656]","[1190, 751]","[7, 20, 2047, 1360]","{""height"": 1365, ""width"": 2048}",1024x682,1024x682
82,mask,frog character,frog-character,tail,1,images/mask/0082_mask_source.jpg,images/mask/0082_mask_condition.jpg,/scratch/peterwg/data/ImgEdit_mask/laion-aes/00000/00011/000110643.jpg,/scratch/peterwg/data/ImgEdit_mask/textmask_square/00000/00011/000110643_3_frog-character.jpg,"[-45, 551]","[644, 646]","[89, 345, 509, 826]","{""height"": 1536, ""width"": 1782}",1024x882,1024x882
83,mask,faucets,faucets,tail,1,images/mask/0083_mask_source.jpg,images/mask/0083_mask_condition.jpg,/scratch/peterwg/data/ImgEdit_mask/laion-aes/00003/00031/000314917.jpg,/scratch/peterwg/data/ImgEdit_mask/textmask_square/00003/00031/000314917_13_faucets.jpg,"[751, 952]","[940, 1018]","[791, 868, 902, 1075]","{""height"": 1706, ""width"": 2560}",1024x682,1024x682
84,mask,front windshield,front-windshield,tail,1,images/mask/0084_mask_source.jpg,images/mask/0084_mask_condition.jpg,/scratch/peterwg/data/ImgEdit_mask/laion-aes/00000/00024/000242390.jpg,/scratch/peterwg/data/ImgEdit_mask/textmask_square/00000/00024/000242390_7_front-windshield.jpg,"[1056, 550]","[1458, 616]","[1143, 474, 1372, 664]","{""height"": 1440, ""width"": 1920}",1024x768,1024x768
85,mask,Mason jar,Mason-jar,tail,1,images/mask/0085_mask_source.jpg,images/mask/0085_mask_condition.jpg,/scratch/peterwg/data/ImgEdit_mask/laion-aes/00004/00029/000297778.jpg,/scratch/peterwg/data/ImgEdit_mask/textmask_square/00004/00029/000297778_2_Mason-jar.jpg,"[379, 876]","[852, 971]","[405, 521, 828, 1300]","{""height"": 1357, ""width"": 2048}",1024x678,1024x678
86,mask,glass display cases,glass-display-cases,tail,1,images/mask/0086_mask_source.jpg,images/mask/0086_mask_condition.jpg,/scratch/peterwg/data/ImgEdit_mask/laion-aes/00002/00004/000041141.jpg,/scratch/peterwg/data/ImgEdit_mask/textmask_square/00002/00004/000041141_77_glass-display-cases.jpg,"[2326, 317]","[3252, 412]","[2311, 0, 3268, 702]","{""height"": 2370, ""width"": 4592}",1024x528,1024x528
87,mask,gravy boat,gravy-boat,tail,1,images/mask/0087_mask_source.jpg,images/mask/0087_mask_condition.jpg,/scratch/peterwg/data/ImgEdit_mask/laion-aes/00004/00024/000249785.jpg,/scratch/peterwg/data/ImgEdit_mask/textmask_square/00004/00024/000249785_21_gravy-boat.jpg,"[886, 770]","[1395, 865]","[844, 587, 1439, 1021]","{""height"": 2250, ""width"": 3000}",1024x768,1024x768
88,mask,white mug,white-mug,tail,1,images/mask/0088_mask_source.jpg,images/mask/0088_mask_condition.jpg,/scratch/peterwg/data/ImgEdit_mask/laion-aes/00001/00025/000259381.jpg,/scratch/peterwg/data/ImgEdit_mask/textmask_square/00001/00025/000259381_1_white-mug.jpg,"[1874, 166]","[2368, 261]","[1802, 0, 2441, 400]","{""height"": 1667, ""width"": 2500}",1024x682,1024x682
89,mask,white sleeveless dress,white-sleeveless-dress,tail,1,images/mask/0089_mask_source.jpg,images/mask/0089_mask_condition.jpg,/scratch/peterwg/data/ImgEdit_mask/laion-aes/00004/00023/000231612.jpg,/scratch/peterwg/data/ImgEdit_mask/textmask_square/00004/00023/000231612_2_white-sleeveless-dress.jpg,"[289, 819]","[1239, 908]","[498, 453, 1031, 1247]","{""height"": 1280, ""width"": 1920}",1024x682,1024x682
90,mask,screen,screen,tail,1,images/mask/0090_mask_source.jpg,images/mask/0090_mask_condition.jpg,/scratch/peterwg/data/ImgEdit_mask/laion-aes/00002/00003/000038610.jpg,/scratch/peterwg/data/ImgEdit_mask/textmask_square/00002/00003/000038610_4_screen.jpg,"[1702, 643]","[2016, 738]","[1677, 569, 2042, 786]","{""height"": 1667, ""width"": 2500}",1024x682,1024x682
91,mask,rabbit statue,rabbit-statue,tail,1,images/mask/0091_mask_source.jpg,images/mask/0091_mask_condition.jpg,/scratch/peterwg/data/ImgEdit_mask/laion-aes/00000/00037/000378475.jpg,/scratch/peterwg/data/ImgEdit_mask/textmask_square/00000/00037/000378475_11_rabbit-statue.jpg,"[563, 1200]","[1177, 1295]","[675, 1054, 1066, 1413]","{""height"": 1414, ""width"": 2121}",1024x682,1024x682
92,mask,recipe card,recipe-card,tail,1,images/mask/0092_mask_source.jpg,images/mask/0092_mask_condition.jpg,/scratch/peterwg/data/ImgEdit_mask/laion-aes/00004/00027/000270427.jpg,/scratch/peterwg/data/ImgEdit_mask/textmask_square/00004/00027/000270427_7_recipe-card.jpg,"[689, 1173]","[1231, 1268]","[419, 715, 1502, 1699]","{""height"": 1704, ""width"": 1960}",1024x890,1024x890
93,mask,instrument cluster,instrument-cluster,tail,1,images/mask/0093_mask_source.jpg,images/mask/0093_mask_condition.jpg,/scratch/peterwg/data/ImgEdit_mask/laion-aes/00001/00006/000069909.jpg,/scratch/peterwg/data/ImgEdit_mask/textmask_square/00001/00006/000069909_0_instrument-cluster.jpg,"[105, 458]","[974, 553]","[158, 106, 922, 878]","{""height"": 1283, ""width"": 1920}",1024x684,1024x684
94,mask,license plate 'BLKNITE,license-plate-'BLKNITE,tail,1,images/mask/0094_mask_source.jpg,images/mask/0094_mask_condition.jpg,/scratch/peterwg/data/ImgEdit_mask/laion-aes/00002/00018/000183095.jpg,/scratch/peterwg/data/ImgEdit_mask/textmask_square/00002/00018/000183095_1_license-plate-'BLKNITE.jpg,"[771, 1035]","[1087, 1086]","[836, 995, 1022, 1100]","{""height"": 1440, ""width"": 1920}",1024x768,1024x768
95,mask,store's name,store's-name,tail,1,images/mask/0095_mask_source.jpg,images/mask/0095_mask_condition.jpg,/scratch/peterwg/data/ImgEdit_mask/laion-aes/00001/00020/000201471.jpg,/scratch/peterwg/data/ImgEdit_mask/textmask_square/00001/00020/000201471_8_store's-name.jpg,"[653, 272]","[1276, 367]","[672, 214, 1259, 398]","{""height"": 1280, ""width"": 1920}",1024x682,1024x682
96,mask,plush toy monkey,plush-toy-monkey,tail,1,images/mask/0096_mask_source.jpg,images/mask/0096_mask_condition.jpg,/scratch/peterwg/data/ImgEdit_mask/laion-aes/00003/00011/000119833.jpg,/scratch/peterwg/data/ImgEdit_mask/textmask_square/00003/00011/000119833_4_plush-toy-monkey.jpg,"[1458, 1121]","[1883, 1184]","[1552, 996, 1790, 1283]","{""height"": 1536, ""width"": 2304}",1024x682,1024x682
97,mask,group of children,group-of-children,tail,1,images/mask/0097_mask_source.jpg,images/mask/0097_mask_condition.jpg,/scratch/peterwg/data/ImgEdit_mask/laion-aes/00000/00039/000397900.jpg,/scratch/peterwg/data/ImgEdit_mask/textmask_square/00000/00039/000397900_76_group-of-children.jpg,"[266, 892]","[1093, 987]","[26, 471, 1335, 1382]","{""height"": 1437, ""width"": 2165}",1024x679,1024x679
98,mask,knitted tie,knitted-tie,tail,1,images/mask/0098_mask_source.jpg,images/mask/0098_mask_condition.jpg,/scratch/peterwg/data/ImgEdit_mask/laion-aes/00000/00023/000238747.jpg,/scratch/peterwg/data/ImgEdit_mask/textmask_square/00000/00023/000238747_0_knitted-tie.jpg,"[476, 811]","[958, 906]","[576, 356, 858, 1334]","{""height"": 1335, ""width"": 2000}",1024x683,1024x683
99,mask,serving utensil,serving-utensil,tail,1,images/mask/0099_mask_source.jpg,images/mask/0099_mask_condition.jpg,/scratch/peterwg/data/ImgEdit_mask/laion-aes/00001/00006/000064550.jpg,/scratch/peterwg/data/ImgEdit_mask/textmask_square/00001/00006/000064550_2_serving-utensil.jpg,"[765, 790]","[1451, 885]","[43, 25, 2174, 1623]","{""height"": 1682, ""width"": 2244}",1023x767,1023x767
100,mask,flamenco dancer,flamenco-dancer,tail,1,images/mask/0100_mask_source.jpg,images/mask/0100_mask_condition.jpg,/scratch/peterwg/data/ImgEdit_mask/laion-aes/00004/00039/000390270.jpg,/scratch/peterwg/data/ImgEdit_mask/textmask_square/00004/00039/000390270_32_flamenco-dancer.jpg,"[834, 942]","[1634, 1037]","[871, 427, 1597, 1525]","{""height"": 1667, ""width"": 2500}",1024x682,1024x682
101,add,buildings,buildings,head,32,images/add/0101_add_source.jpg,images/add/0101_add_condition.jpg,/scratch/peterwg/data/ImgEdit_mask/laion-aes/00007/00019/000195807.jpg,/scratch/peterwg/data/ImgEdit_mask/textmask_add_laion/00007_00019_000195807_0_buildings.png,"[783, 2821]","[1196, 2916]","[395, 2313, 1586, 3397]","{""height"": 3754, ""width"": 4720}",1024x814,1024x814
102,add,city,city,head,3,images/add/0102_add_source.jpg,images/add/0102_add_condition.jpg,/scratch/peterwg/data/ImgEdit_mask/laion-aes/00001/00028/000281344.jpg,/scratch/peterwg/data/ImgEdit_mask/textmask_add_laion/00001_00028_000281344_0_city.png,"[1195, 685]","[1362, 780]","[0, 0, 2559, 1439]","{""height"": 1440, ""width"": 2560}",1024x576,1024x576
103,add,fountain,fountain,head,5,images/add/0103_add_source.jpg,images/add/0103_add_condition.jpg,/scratch/peterwg/data/ImgEdit_mask/laion-aes/00001/00025/000255576.jpg,/scratch/peterwg/data/ImgEdit_mask/textmask_add_laion/00001_00025_000255576_0_fountain.png,"[1704, 893]","[2065, 984]","[1785, 812, 1985, 1039]","{""height"": 1393, ""width"": 2500}",1024x570,1024x570
104,add,pier,pier,head,4,images/add/0104_add_source.jpg,images/add/0104_add_condition.jpg,/scratch/peterwg/data/ImgEdit_mask/laion-aes/00007/00002/000023597.jpg,/scratch/peterwg/data/ImgEdit_mask/textmask_add_laion/00007_00002_000023597_0_pier.png,"[1970, 2374]","[2149, 2469]","[1253, 1970, 2868, 2847]","{""height"": 2848, ""width"": 4288}",1024x680,1024x680
105,add,armchair,armchair,head,17,images/add/0105_add_source.jpg,images/add/0105_add_condition.jpg,/scratch/peterwg/data/ImgEdit_mask/laion-aes/00009/00014/000141422.jpg,/scratch/peterwg/data/ImgEdit_mask/textmask_add_laion/00009_00014_000141422_0_armchair.png,"[1105, 847]","[1416, 925]","[1172, 791, 1351, 954]","{""height"": 1366, ""width"": 2048}",1024x683,1024x683
106,add,greenery,greenery,head,9,images/add/0106_add_source.jpg,images/add/0106_add_condition.jpg,/scratch/peterwg/data/ImgEdit_mask/laion-aes/00008/00024/000244561.jpg,/scratch/peterwg/data/ImgEdit_mask/textmask_add_laion/00008_00024_000244561_0_greenery.png,"[424, 900]","[831, 995]","[0, 216, 1256, 1652]","{""height"": 1799, ""width"": 2700}",1024x682,1024x682
107,add,Mercedes Benz G Class SUV,Mercedes-Benz-G-Class-SUV,head,6,images/add/0107_add_source.jpg,images/add/0107_add_condition.jpg,/scratch/peterwg/data/ImgEdit_mask/laion-aes/00005/00013/000130034.jpg,/scratch/peterwg/data/ImgEdit_mask/textmask_add_laion/00005_00013_000130034_0_Mercedes-Benz-G-Class-SUV.png,"[337, 549]","[1743, 644]","[229, 162, 1851, 1005]","{""height"": 1281, ""width"": 1920}",1024x683,1024x683
108,add,sofa,sofa,head,14,images/add/0108_add_source.jpg,images/add/0108_add_condition.jpg,/scratch/peterwg/data/ImgEdit_mask/laion-aes/00001/00016/000164509.jpg,/scratch/peterwg/data/ImgEdit_mask/textmask_add_laion/00001_00016_000164509_0_sofa.png,"[1789, 3083]","[1995, 3178]","[0, 2258, 3785, 3976]","{""height"": 3976, ""width"": 5964}",1024x682,1024x682
109,add,stars,stars,head,4,images/add/0109_add_source.jpg,images/add/0109_add_condition.jpg,/scratch/peterwg/data/ImgEdit_mask/laion-aes/00005/00016/000168995.jpg,/scratch/peterwg/data/ImgEdit_mask/textmask_add_laion/00005_00016_000168995_0_stars.png,"[1159, 761]","[1398, 856]","[0, 3, 2559, 1588]","{""height"": 1600, ""width"": 2560}",1024x640,1024x640
110,add,dirt bike,dirt-bike,head,7,images/add/0110_add_source.jpg,images/add/0110_add_condition.jpg,/scratch/peterwg/data/ImgEdit_mask/laion-aes/00009/00008/000085308.jpg,/scratch/peterwg/data/ImgEdit_mask/textmask_add_laion/00009_00008_000085308_0_dirt-bike.png,"[893, 711]","[1288, 806]","[500, 139, 1682, 1352]","{""height"": 1440, ""width"": 1920}",1024x768,1024x768
111,add,hands,hands,head,21,images/add/0111_add_source.jpg,images/add/0111_add_condition.jpg,/scratch/peterwg/data/ImgEdit_mask/laion-aes/00004/00005/000059054.jpg,/scratch/peterwg/data/ImgEdit_mask/textmask_add_laion/00004_00005_000059054_0_hands.png,"[167, 1307]","[451, 1402]","[0, 871, 618, 1812]","{""height"": 1875, ""width"": 2500}",1024x768,1024x768
112,add,branch,branch,head,4,images/add/0112_add_source.jpg,images/add/0112_add_condition.jpg,/scratch/peterwg/data/ImgEdit_mask/laion-aes/00006/00037/000370967.jpg,/scratch/peterwg/data/ImgEdit_mask/textmask_add_laion/00006_00037_000370967_0_branch.png,"[1087, 1385]","[1413, 1480]","[0, 1172, 2500, 1667]","{""height"": 1669, ""width"": 2500}",1024x683,1024x683
113,add,white dress,white-dress,head,17,images/add/0113_add_source.jpg,images/add/0113_add_condition.jpg,/scratch/peterwg/data/ImgEdit_mask/laion-aes/00007/00021/000219028.jpg,/scratch/peterwg/data/ImgEdit_mask/textmask_add_laion/00007_00021_000219028_0_white-dress.png,"[1365, 866]","[1907, 961]","[1223, 364, 2050, 1437]","{""height"": 1601, ""width"": 2400}",1024x683,1024x683
114,add,artwork,artwork,head,4,images/add/0114_add_source.jpg,images/add/0114_add_condition.jpg,/scratch/peterwg/data/ImgEdit_mask/laion-aes/00001/00015/000157978.jpg,/scratch/peterwg/data/ImgEdit_mask/textmask_add_laion/00001_00015_000157978_0_artwork.png,"[1352, 477]","[1702, 572]","[1357, 310, 1697, 713]","{""height"": 1440, ""width"": 1920}",1024x768,1024x768
115,add,camper van,camper-van,head,8,images/add/0115_add_source.jpg,images/add/0115_add_condition.jpg,/scratch/peterwg/data/ImgEdit_mask/laion-aes/00000/00012/000125917.jpg,/scratch/peterwg/data/ImgEdit_mask/textmask_add_laion/00000_00012_000125917_0_camper-van.png,"[199, 811]","[765, 906]","[158, 684, 807, 1006]","{""height"": 1536, ""width"": 2048}",1024x768,1024x768
116,add,face,face,head,13,images/add/0116_add_source.jpg,images/add/0116_add_condition.jpg,/scratch/peterwg/data/ImgEdit_mask/laion-aes/00007/00029/000293518.jpg,/scratch/peterwg/data/ImgEdit_mask/textmask_add_laion/00007_00029_000293518_0_face.png,"[901, 513]","[1107, 608]","[909, 423, 1099, 672]","{""height"": 1333, ""width"": 2000}",1024x682,1024x682
117,add,black seat,black-seat,head,7,images/add/0117_add_source.jpg,images/add/0117_add_condition.jpg,/scratch/peterwg/data/ImgEdit_mask/laion-aes/00000/00029/000293921.jpg,/scratch/peterwg/data/ImgEdit_mask/textmask_add_laion/00000_00029_000293921_0_black-seat.png,"[516, 605]","[1010, 700]","[604, 546, 923, 733]","{""height"": 1353, ""width"": 1920}",1024x721,1024x721
118,add,shells,shells,head,4,images/add/0118_add_source.jpg,images/add/0118_add_condition.jpg,/scratch/peterwg/data/ImgEdit_mask/laion-aes/00006/00006/000064188.jpg,/scratch/peterwg/data/ImgEdit_mask/textmask_add_laion/00006_00006_000064188_0_shells.png,"[1907, 647]","[2173, 742]","[1573, 331, 2508, 1032]","{""height"": 1864, ""width"": 2816}",1024x677,1024x677
119,add,motorboat,motorboat,head,9,images/add/0119_add_source.jpg,images/add/0119_add_condition.jpg,/scratch/peterwg/data/ImgEdit_mask/laion-aes/00000/00031/000319793.jpg,/scratch/peterwg/data/ImgEdit_mask/textmask_add_laion/00000_00031_000319793_0_motorboat.png,"[2935, 1967]","[3426, 2062]","[2014, 1510, 4349, 2493]","{""height"": 3744, ""width"": 5616}",1024x682,1024x682
120,add,plates,plates,head,55,images/add/0120_add_source.jpg,images/add/0120_add_condition.jpg,/scratch/peterwg/data/ImgEdit_mask/laion-aes/00005/00039/000394177.jpg,/scratch/peterwg/data/ImgEdit_mask/textmask_add_laion/00005_00039_000394177_0_plates.png,"[1098, 882]","[1382, 977]","[950, 808, 1531, 1024]","{""height"": 1429, ""width"": 2077}",1024x704,1024x704
121,add,drawers,drawers,head,3,images/add/0121_add_source.jpg,images/add/0121_add_condition.jpg,/scratch/peterwg/data/ImgEdit_mask/laion-aes/00003/00024/000249333.jpg,/scratch/peterwg/data/ImgEdit_mask/textmask_add_laion/00003_00024_000249333_0_drawers.png,"[1155, 1211]","[1523, 1306]","[1122, 1047, 1557, 1444]","{""height"": 1536, ""width"": 2048}",1024x768,1024x768
122,add,guitars,guitars,head,3,images/add/0122_add_source.jpg,images/add/0122_add_condition.jpg,/scratch/peterwg/data/ImgEdit_mask/laion-aes/00005/00003/000035014.jpg,/scratch/peterwg/data/ImgEdit_mask/textmask_add_laion/00005_00003_000035014_0_guitars.png,"[2095, 187]","[2421, 282]","[2121, 1, 2396, 441]","{""height"": 1668, ""width"": 2500}",1024x683,1024x683
123,add,Aston Martin sports car,Aston-Martin-sports-car,head,3,images/add/0123_add_source.jpg,images/add/0123_add_condition.jpg,/scratch/peterwg/data/ImgEdit_mask/laion-aes/00004/00010/000109064.jpg,/scratch/peterwg/data/ImgEdit_mask/textmask_add_laion/00004_00010_000109064_0_Aston-Martin-sports-car.png,"[395, 587]","[1525, 682]","[1, 26, 1920, 1216]","{""height"": 1280, ""width"": 1920}",1024x682,1024x682
124,add,bench,bench,head,17,images/add/0124_add_source.jpg,images/add/0124_add_condition.jpg,/scratch/peterwg/data/ImgEdit_mask/laion-aes/00008/00022/000227924.jpg,/scratch/peterwg/data/ImgEdit_mask/textmask_add_laion/00008_00022_000227924_0_bench.png,"[1212, 1079]","[1496, 1174]","[867, 788, 1842, 1439]","{""height"": 1440, ""width"": 1920}",1024x768,1024x768
125,add,aquatic plants,aquatic-plants,head,3,images/add/0125_add_source.jpg,images/add/0125_add_condition.jpg,/scratch/peterwg/data/ImgEdit_mask/laion-aes/00004/00022/000225974.jpg,/scratch/peterwg/data/ImgEdit_mask/textmask_add_laion/00004_00022_000225974_0_aquatic-plants.png,"[3411, 2496]","[4088, 2591]","[2637, 1929, 4864, 3132]","{""height"": 3264, ""width"": 4912}",1024x680,1024x680
126,add,benches,benches,head,3,images/add/0126_add_source.jpg,images/add/0126_add_condition.jpg,/scratch/peterwg/data/ImgEdit_mask/laion-aes/00008/00024/000246895.jpg,/scratch/peterwg/data/ImgEdit_mask/textmask_add_laion/00008_00024_000246895_0_benches.png,"[1796, 1349]","[2185, 1444]","[1570, 1133, 2412, 1633]","{""height"": 1800, ""width"": 2880}",1024x640,1024x640
127,add,roofs,roofs,head,5,images/add/0127_add_source.jpg,images/add/0127_add_condition.jpg,/scratch/peterwg/data/ImgEdit_mask/laion-aes/00008/00022/000221467.jpg,/scratch/peterwg/data/ImgEdit_mask/textmask_add_laion/00008_00022_000221467_0_roofs.png,"[412, 941]","[657, 1036]","[89, 850, 982, 1100]","{""height"": 1584, ""width"": 2376}",1024x682,1024x682
128,add,Cathedral,Cathedral,head,5,images/add/0128_add_source.jpg,images/add/0128_add_condition.jpg,/scratch/peterwg/data/ImgEdit_mask/laion-aes/00003/00033/000339187.jpg,/scratch/peterwg/data/ImgEdit_mask/textmask_add_laion/00003_00033_000339187_0_Cathedral.png,"[471, 755]","[920, 850]","[319, 144, 1073, 1435]","{""height"": 1440, ""width"": 1920}",1024x768,1024x768
129,add,beanie,beanie,head,12,images/add/0129_add_source.jpg,images/add/0129_add_condition.jpg,/scratch/peterwg/data/ImgEdit_mask/laion-aes/00009/00008/000085180.jpg,/scratch/peterwg/data/ImgEdit_mask/textmask_add_laion/00009_00008_000085180_0_beanie.png,"[4185, 916]","[4493, 1011]","[3087, 146, 5591, 1755]","{""height"": 4802, ""width"": 7195}",1024x683,1024x683
130,add,toy,toy,head,4,images/add/0130_add_source.jpg,images/add/0130_add_condition.jpg,/scratch/peterwg/data/ImgEdit_mask/laion-aes/00009/00038/000386737.jpg,/scratch/peterwg/data/ImgEdit_mask/textmask_add_laion/00009_00038_000386737_0_toy.png,"[1205, 613]","[1351, 708]","[751, 7, 1806, 1288]","{""height"": 1288, ""width"": 1936}",1024x681,1024x681
131,add,cup,cup,head,17,images/add/0131_add_source.jpg,images/add/0131_add_condition.jpg,/scratch/peterwg/data/ImgEdit_mask/laion-aes/00002/00001/000019470.jpg,/scratch/peterwg/data/ImgEdit_mask/textmask_add_laion/00002_00001_000019470_0_cup.png,"[582, 1009]","[755, 1104]","[572, 890, 766, 1197]","{""height"": 1330, ""width"": 2000}",1024x680,1024x680
132,add,petals,petals,head,22,images/add/0132_add_source.jpg,images/add/0132_add_condition.jpg,/scratch/peterwg/data/ImgEdit_mask/laion-aes/00009/00036/000365962.jpg,/scratch/peterwg/data/ImgEdit_mask/textmask_add_laion/00009_00036_000365962_0_petals.png,"[2885, 526]","[3169, 621]","[2790, 146, 3264, 975]","{""height"": 2448, ""width"": 3264}",1024x768,1024x768
133,add,cake stand,cake-stand,head,4,images/add/0133_add_source.jpg,images/add/0133_add_condition.jpg,/scratch/peterwg/data/ImgEdit_mask/laion-aes/00005/00032/000320112.jpg,/scratch/peterwg/data/ImgEdit_mask/textmask_add_laion/00005_00032_000320112_0_cake-stand.png,"[2672, 1395]","[3199, 1490]","[2360, 1028, 3512, 1830]","{""height"": 2738, ""width"": 4124}",1024x679,1024x679
134,add,whipped cream,whipped-cream,head,12,images/add/0134_add_source.jpg,images/add/0134_add_condition.jpg,/scratch/peterwg/data/ImgEdit_mask/laion-aes/00005/00012/000121635.jpg,/scratch/peterwg/data/ImgEdit_mask/textmask_add_laion/00005_00012_000121635_0_whipped-cream.png,"[523, 876]","[1242, 971]","[397, 465, 1370, 1356]","{""height"": 1575, ""width"": 1800}",1024x896,1024x896
135,add,dish,dish,head,5,images/add/0135_add_source.jpg,images/add/0135_add_condition.jpg,/scratch/peterwg/data/ImgEdit_mask/laion-aes/00001/00035/000355998.jpg,/scratch/peterwg/data/ImgEdit_mask/textmask_add_laion/00001_00035_000355998_0_dish.png,"[1403, 957]","[1597, 1052]","[0, 20, 3000, 1963]","{""height"": 2000, ""width"": 3000}",1024x682,1024x682
136,add,liquid,liquid,head,3,images/add/0136_add_source.jpg,images/add/0136_add_condition.jpg,/scratch/peterwg/data/ImgEdit_mask/laion-aes/00007/00009/000095201.jpg,/scratch/peterwg/data/ImgEdit_mask/textmask_add_laion/00007_00009_000095201_0_liquid.png,"[1666, 875]","[1914, 970]","[1079, 450, 2502, 1369]","{""height"": 3705, ""width"": 5558}",1023x682,1023x682
137,add,backrest,backrest,head,4,images/add/0137_add_source.jpg,images/add/0137_add_condition.jpg,/scratch/peterwg/data/ImgEdit_mask/laion-aes/00008/00003/000037488.jpg,/scratch/peterwg/data/ImgEdit_mask/textmask_add_laion/00008_00003_000037488_0_backrest.png,"[381, 448]","[785, 543]","[385, 321, 782, 643]","{""height"": 1306, ""width"": 1960}",1024x682,1024x682
138,add,chalkboard sign,chalkboard-sign,head,5,images/add/0138_add_source.jpg,images/add/0138_add_condition.jpg,/scratch/peterwg/data/ImgEdit_mask/laion-aes/00005/00028/000283584.jpg,/scratch/peterwg/data/ImgEdit_mask/textmask_add_laion/00005_00028_000283584_0_chalkboard-sign.png,"[1710, 995]","[2138, 1063]","[1800, 812, 2048, 1218]","{""height"": 1536, ""width"": 2048}",1024x768,1024x768
139,add,engine,engine,head,6,images/add/0139_add_source.jpg,images/add/0139_add_condition.jpg,/scratch/peterwg/data/ImgEdit_mask/laion-aes/00005/00029/000294381.jpg,/scratch/peterwg/data/ImgEdit_mask/textmask_add_laion/00005_00029_000294381_0_engine.png,"[922, 1051]","[1230, 1146]","[232, 893, 1920, 1277]","{""height"": 1280, ""width"": 1920}",1024x682,1024x682
140,add,candies,candies,head,4,images/add/0140_add_source.jpg,images/add/0140_add_condition.jpg,/scratch/peterwg/data/ImgEdit_mask/laion-aes/00007/00030/000301537.jpg,/scratch/peterwg/data/ImgEdit_mask/textmask_add_laion/00007_00030_000301537_0_candies.png,"[2201, 1163]","[2560, 1258]","[2204, 1024, 2559, 1370]","{""height"": 2089, ""width"": 3349}",1024x638,1024x638
141,add,human like statues,human-like-statues,mid,1,images/add/0141_add_source.jpg,images/add/0141_add_condition.jpg,/scratch/peterwg/data/ImgEdit_mask/laion-aes/00009/00010/000109719.jpg,/scratch/peterwg/data/ImgEdit_mask/textmask_add_laion/00009_00010_000109719_0_human-like-statues.png,"[460, 898]","[1091, 972]","[595, 681, 958, 1161]","{""height"": 1415, ""width"": 1981}",1024x731,1024x731
142,add,helicopter,helicopter,mid,1,images/add/0142_add_source.jpg,images/add/0142_add_condition.jpg,/scratch/peterwg/data/ImgEdit_mask/laion-aes/00006/00036/000362615.jpg,/scratch/peterwg/data/ImgEdit_mask/textmask_add_laion/00006_00036_000362615_0_helicopter.png,"[2339, 1321]","[2800, 1416]","[1883, 1122, 3258, 1588]","{""height"": 2560, ""width"": 3840}",1024x682,1024x682
143,add,lace embroidery,lace-embroidery,mid,1,images/add/0143_add_source.jpg,images/add/0143_add_condition.jpg,/scratch/peterwg/data/ImgEdit_mask/laion-aes/00003/00010/000101358.jpg,/scratch/peterwg/data/ImgEdit_mask/textmask_add_laion/00003_00010_000101358_0_lace-embroidery.png,"[1219, 1159]","[1980, 1254]","[243, 110, 2958, 2276]","{""height"": 2283, ""width"": 3112}",1023x751,1023x751
144,add,front seats,front-seats,mid,1,images/add/0144_add_source.jpg,images/add/0144_add_condition.jpg,/scratch/peterwg/data/ImgEdit_mask/laion-aes/00000/00012/000121001.jpg,/scratch/peterwg/data/ImgEdit_mask/textmask_add_laion/00000_00012_000121001_0_front-seats.png,"[736, 384]","[1263, 479]","[627, 98, 1373, 738]","{""height"": 1283, ""width"": 1920}",1024x684,1024x684
145,add,dancers,dancers,mid,2,images/add/0145_add_source.jpg,images/add/0145_add_condition.jpg,/scratch/peterwg/data/ImgEdit_mask/laion-aes/00009/00021/000218962.jpg,/scratch/peterwg/data/ImgEdit_mask/textmask_add_laion/00009_00021_000218962_0_dancers.png,"[488, 1083]","[862, 1178]","[424, 882, 927, 1353]","{""height"": 1776, ""width"": 2560}",1024x710,1024x710
146,add,headscarves,headscarves,mid,1,images/add/0146_add_source.jpg,images/add/0146_add_condition.jpg,/scratch/peterwg/data/ImgEdit_mask/laion-aes/00007/00034/000342113.jpg,/scratch/peterwg/data/ImgEdit_mask/textmask_add_laion/00007_00034_000342113_0_headscarves.png,"[772, 555]","[1356, 650]","[848, 449, 1281, 729]","{""height"": 1536, ""width"": 2048}",1024x768,1024x768
147,add,textures,textures,mid,2,images/add/0147_add_source.jpg,images/add/0147_add_condition.jpg,/scratch/peterwg/data/ImgEdit_mask/laion-aes/00001/00018/000182408.jpg,/scratch/peterwg/data/ImgEdit_mask/textmask_add_laion/00001_00018_000182408_0_textures.png,"[382, 126]","[715, 213]","[456, 43, 643, 270]","{""height"": 1360, ""width"": 2048}",1024x680,1024x680
148,add,lines,lines,mid,1,images/add/0148_add_source.jpg,images/add/0148_add_condition.jpg,/scratch/peterwg/data/ImgEdit_mask/laion-aes/00005/00026/000261283.jpg,/scratch/peterwg/data/ImgEdit_mask/textmask_add_laion/00005_00026_000261283_0_lines.png,"[2719, 1632]","[2934, 1727]","[2144, 1135, 3510, 2198]","{""height"": 2199, ""width"": 3511}",1024x641,1024x641
149,add,flower crown,flower-crown,mid,1,images/add/0149_add_source.jpg,images/add/0149_add_condition.jpg,/scratch/peterwg/data/ImgEdit_mask/laion-aes/00006/00001/000019625.jpg,/scratch/peterwg/data/ImgEdit_mask/textmask_add_laion/00006_00001_000019625_0_flower-crown.png,"[911, 276]","[1513, 371]","[890, 95, 1535, 525]","{""height"": 1365, ""width"": 2048}",1024x682,1024x682
150,add,exercise machines,exercise-machines,mid,1,images/add/0150_add_source.jpg,images/add/0150_add_condition.jpg,/scratch/peterwg/data/ImgEdit_mask/laion-aes/00004/00026/000261832.jpg,/scratch/peterwg/data/ImgEdit_mask/textmask_add_laion/00004_00026_000261832_0_exercise-machines.png,"[2165, 1314]","[3043, 1409]","[2216, 1028, 2993, 1668]","{""height"": 2000, ""width"": 3000}",1024x682,1024x682
151,add,playground structure,playground-structure,mid,1,images/add/0151_add_source.jpg,images/add/0151_add_condition.jpg,/scratch/peterwg/data/ImgEdit_mask/laion-aes/00005/00007/000072620.jpg,/scratch/peterwg/data/ImgEdit_mask/textmask_add_laion/00005_00007_000072620_0_playground-structure.png,"[549, 830]","[1535, 925]","[86, 16, 1998, 1713]","{""height"": 1725, ""width"": 2067}",1024x854,1024x854
152,add,water feature,water-feature,mid,2,images/add/0152_add_source.jpg,images/add/0152_add_condition.jpg,/scratch/peterwg/data/ImgEdit_mask/laion-aes/00007/00030/000307788.jpg,/scratch/peterwg/data/ImgEdit_mask/textmask_add_laion/00007_00030_000307788_0_water-feature.png,"[1446, 2792]","[2084, 2887]","[0, 2619, 3531, 3034]","{""height"": 3187, ""width"": 4500}",1024x725,1024x725
153,add,pink blossoms,pink-blossoms,mid,1,images/add/0153_add_source.jpg,images/add/0153_add_condition.jpg,/scratch/peterwg/data/ImgEdit_mask/laion-aes/00003/00037/000379238.jpg,/scratch/peterwg/data/ImgEdit_mask/textmask_add_laion/00003_00037_000379238_0_pink-blossoms.png,"[2723, 895]","[3403, 990]","[1855, 0, 4272, 1859]","{""height"": 2848, ""width"": 4272}",1024x682,1024x682
154,add,lamp posts,lamp-posts,mid,1,images/add/0154_add_source.jpg,images/add/0154_add_condition.jpg,/scratch/peterwg/data/ImgEdit_mask/laion-aes/00005/00013/000137316.jpg,/scratch/peterwg/data/ImgEdit_mask/textmask_add_laion/00005_00013_000137316_0_lamp-posts.png,"[88, 699]","[463, 775]","[170, 200, 383, 1246]","{""height"": 1281, ""width"": 1920}",1024x683,1024x683
155,add,paved surface,paved-surface,mid,1,images/add/0155_add_source.jpg,images/add/0155_add_condition.jpg,/scratch/peterwg/data/ImgEdit_mask/laion-aes/00006/00030/000305537.jpg,/scratch/peterwg/data/ImgEdit_mask/textmask_add_laion/00006_00030_000305537_0_paved-surface.png,"[621, 964]","[1295, 1059]","[0, 719, 1917, 1278]","{""height"": 1280, ""width"": 1920}",1024x682,1024x682
156,add,shipping container,shipping-container,mid,2,images/add/0156_add_source.jpg,images/add/0156_add_condition.jpg,/scratch/peterwg/data/ImgEdit_mask/laion-aes/00008/00009/000093817.jpg,/scratch/peterwg/data/ImgEdit_mask/textmask_add_laion/00008_00009_000093817_0_shipping-container.png,"[562, 687]","[1434, 782]","[144, 3, 1852, 1440]","{""height"": 1441, ""width"": 1920}",1024x768,1024x768
157,add,excavation area,excavation-area,mid,1,images/add/0157_add_source.jpg,images/add/0157_add_condition.jpg,/scratch/peterwg/data/ImgEdit_mask/laion-aes/00006/00020/000204077.jpg,/scratch/peterwg/data/ImgEdit_mask/textmask_add_laion/00006_00020_000204077_0_excavation-area.png,"[154, 932]","[909, 1027]","[298, 653, 767, 1279]","{""height"": 1280, ""width"": 2560}",1024x512,1024x512
158,add,pair of navy blue loafers,pair-of-navy-blue-loafers,mid,1,images/add/0158_add_source.jpg,images/add/0158_add_condition.jpg,/scratch/peterwg/data/ImgEdit_mask/laion-aes/00008/00016/000164893.jpg,/scratch/peterwg/data/ImgEdit_mask/textmask_add_laion/00008_00016_000164893_0_pair-of-navy-blue-loafers.png,"[524, 705]","[1711, 800]","[431, 336, 1806, 1143]","{""height"": 1536, ""width"": 2048}",1024x768,1024x768
159,add,mat,mat,mid,1,images/add/0159_add_source.jpg,images/add/0159_add_condition.jpg,/scratch/peterwg/data/ImgEdit_mask/laion-aes/00008/00012/000120976.jpg,/scratch/peterwg/data/ImgEdit_mask/textmask_add_laion/00008_00012_000120976_0_mat.png,"[1353, 1481]","[1541, 1576]","[658, 1204, 2236, 1826]","{""height"": 1936, ""width"": 2592}",1024x764,1024x764
160,add,black convertible top,black-convertible-top,mid,1,images/add/0160_add_source.jpg,images/add/0160_add_condition.jpg,/scratch/peterwg/data/ImgEdit_mask/laion-aes/00004/00031/000310337.jpg,/scratch/peterwg/data/ImgEdit_mask/textmask_add_laion/00004_00031_000310337_0_black-convertible-top.png,"[443, 685]","[1441, 780]","[105, 426, 1780, 1012]","{""height"": 1280, ""width"": 1920}",1024x682,1024x682
161,add,Mahindra off road vehicle,Mahindra-off-road-vehicle,mid,1,images/add/0161_add_source.jpg,images/add/0161_add_condition.jpg,/scratch/peterwg/data/ImgEdit_mask/laion-aes/00008/00014/000142860.jpg,/scratch/peterwg/data/ImgEdit_mask/textmask_add_laion/00008_00014_000142860_0_Mahindra-off-road-vehicle.png,"[316, 673]","[1569, 768]","[298, 114, 1588, 1300]","{""height"": 1440, ""width"": 1920}",1024x768,1024x768
162,add,layered cake,layered-cake,mid,1,images/add/0162_add_source.jpg,images/add/0162_add_condition.jpg,/scratch/peterwg/data/ImgEdit_mask/laion-aes/00000/00025/000252306.jpg,/scratch/peterwg/data/ImgEdit_mask/textmask_add_laion/00000_00025_000252306_0_layered-cake.png,"[705, 747]","[1307, 842]","[601, 533, 1412, 1029]","{""height"": 1365, ""width"": 2048}",1024x682,1024x682
163,add,bean stew,bean-stew,mid,1,images/add/0163_add_source.jpg,images/add/0163_add_condition.jpg,/scratch/peterwg/data/ImgEdit_mask/laion-aes/00003/00036/000367228.jpg,/scratch/peterwg/data/ImgEdit_mask/textmask_add_laion/00003_00036_000367228_0_bean-stew.png,"[1120, 1383]","[1605, 1478]","[245, 732, 2482, 2103]","{""height"": 2736, ""width"": 3648}",1024x768,1024x768
164,add,cucumbers,cucumbers,mid,1,images/add/0164_add_source.jpg,images/add/0164_add_condition.jpg,/scratch/peterwg/data/ImgEdit_mask/laion-aes/00007/00017/000179550.jpg,/scratch/peterwg/data/ImgEdit_mask/textmask_add_laion/00007_00017_000179550_0_cucumbers.png,"[2047, 1143]","[2565, 1238]","[1984, 851, 2628, 1504]","{""height"": 2448, ""width"": 3264}",1024x768,1024x768
165,add,landscape,landscape,mid,2,images/add/0165_add_source.jpg,images/add/0165_add_condition.jpg,/scratch/peterwg/data/ImgEdit_mask/laion-aes/00004/00023/000239732.jpg,/scratch/peterwg/data/ImgEdit_mask/textmask_add_laion/00004_00023_000239732_0_landscape.png,"[1012, 947]","[1485, 1042]","[0, 299, 2499, 1663]","{""height"": 1667, ""width"": 2500}",1024x682,1024x682
166,add,brand name 'Miller Motorcars,brand-name-'Miller-Motorcars,mid,1,images/add/0166_add_source.jpg,images/add/0166_add_condition.jpg,/scratch/peterwg/data/ImgEdit_mask/laion-aes/00002/00017/000176755.jpg,/scratch/peterwg/data/ImgEdit_mask/textmask_add_laion/00002_00017_000176755_0_brand-name-'Miller-Motorcars.png,"[260, 594]","[1657, 689]","[0, 6, 1919, 1251]","{""height"": 1283, ""width"": 1920}",1024x684,1024x684
167,add,chocolate covered strawberries,chocolate-covered-strawberries,mid,1,images/add/0167_add_source.jpg,images/add/0167_add_condition.jpg,/scratch/peterwg/data/ImgEdit_mask/laion-aes/00006/00026/000266593.jpg,/scratch/peterwg/data/ImgEdit_mask/textmask_add_laion/00006_00026_000266593_0_chocolate-covered-strawberries.png,"[603, 460]","[1662, 536]","[826, 239, 1440, 730]","{""height"": 1536, ""width"": 2048}",1024x768,1024x768
168,add,cinnamon sticks,cinnamon-sticks,mid,1,images/add/0168_add_source.jpg,images/add/0168_add_condition.jpg,/scratch/peterwg/data/ImgEdit_mask/laion-aes/00003/00033/000334449.jpg,/scratch/peterwg/data/ImgEdit_mask/textmask_add_laion/00003_00033_000334449_0_cinnamon-sticks.png,"[1609, 1135]","[2382, 1230]","[1433, 742, 2560, 1597]","{""height"": 1600, ""width"": 2560}",1024x640,1024x640
169,add,Audi car,Audi-car,mid,2,images/add/0169_add_source.jpg,images/add/0169_add_condition.jpg,/scratch/peterwg/data/ImgEdit_mask/laion-aes/00004/00015/000154589.jpg,/scratch/peterwg/data/ImgEdit_mask/textmask_add_laion/00004_00015_000154589_0_Audi-car.png,"[882, 758]","[1277, 853]","[235, 351, 1925, 1233]","{""height"": 1365, ""width"": 2048}",1024x682,1024x682
170,add,sewing machine,sewing-machine,mid,2,images/add/0170_add_source.jpg,images/add/0170_add_condition.jpg,/scratch/peterwg/data/ImgEdit_mask/laion-aes/00009/00023/000239031.jpg,/scratch/peterwg/data/ImgEdit_mask/textmask_add_laion/00009_00023_000239031_0_sewing-machine.png,"[1356, 1017]","[2111, 1112]","[1207, 692, 2261, 1411]","{""height"": 1415, ""width"": 2520}",1024x574,1024x574
171,add,street lamp,street-lamp,tail,1,images/add/0171_add_source.jpg,images/add/0171_add_condition.jpg,/scratch/peterwg/data/ImgEdit_mask/laion-aes/00005/00012/000129601.jpg,/scratch/peterwg/data/ImgEdit_mask/textmask_add_laion/00005_00012_000129601_0_street-lamp.png,"[919, 816]","[1470, 911]","[917, 263, 1474, 1438]","{""height"": 1440, ""width"": 1920}",1024x768,1024x768
172,add,Royal Enfield Himalayan motorcycle,Royal-Enfield-Himalayan-motorcycle,tail,1,images/add/0172_add_source.jpg,images/add/0172_add_condition.jpg,/scratch/peterwg/data/ImgEdit_mask/laion-aes/00005/00024/000244709.jpg,/scratch/peterwg/data/ImgEdit_mask/textmask_add_laion/00005_00024_000244709_0_Royal-Enfield-Himalayan-motorcycle.png,"[150, 670]","[1850, 765]","[220, 4, 1780, 1405]","{""height"": 1440, ""width"": 1920}",1024x768,1024x768
173,add,stocking,stocking,tail,1,images/add/0173_add_source.jpg,images/add/0173_add_condition.jpg,/scratch/peterwg/data/ImgEdit_mask/laion-aes/00009/00029/000294430.jpg,/scratch/peterwg/data/ImgEdit_mask/textmask_add_laion/00009_00029_000294430_0_stocking.png,"[1472, 631]","[1864, 726]","[1132, 64, 2204, 1266]","{""height"": 1303, ""width"": 2316}",1024x576,1024x576
174,add,surface,surface,tail,1,images/add/0174_add_source.jpg,images/add/0174_add_condition.jpg,/scratch/peterwg/data/ImgEdit_mask/laion-aes/00000/00038/000381343.jpg,/scratch/peterwg/data/ImgEdit_mask/textmask_add_laion/00000_00038_000381343_0_surface.png,"[847, 1353]","[1200, 1448]","[0, 1138, 2048, 1636]","{""height"": 1638, ""width"": 2048}",1024x819,1024x819
175,add,white beards,white-beards,tail,1,images/add/0175_add_source.jpg,images/add/0175_add_condition.jpg,/scratch/peterwg/data/ImgEdit_mask/laion-aes/00000/00008/000088085.jpg,/scratch/peterwg/data/ImgEdit_mask/textmask_add_laion/00000_00008_000088085_0_white-beards.png,"[1437, 443]","[1762, 509]","[1506, 362, 1695, 563]","{""height"": 1365, ""width"": 2048}",1024x682,1024x682
176,add,shelving units,shelving-units,tail,1,images/add/0176_add_source.jpg,images/add/0176_add_condition.jpg,/scratch/peterwg/data/ImgEdit_mask/laion-aes/00004/00021/000218993.jpg,/scratch/peterwg/data/ImgEdit_mask/textmask_add_laion/00004_00021_000218993_0_shelving-units.png,"[260, 422]","[910, 517]","[272, 60, 898, 852]","{""height"": 1944, ""width"": 2592}",1024x768,1024x768
177,add,water features,water-features,tail,1,images/add/0177_add_source.jpg,images/add/0177_add_condition.jpg,/scratch/peterwg/data/ImgEdit_mask/laion-aes/00009/00035/000351932.jpg,/scratch/peterwg/data/ImgEdit_mask/textmask_add_laion/00009_00035_000351932_0_water-features.png,"[1607, 1692]","[2296, 1787]","[870, 1449, 3034, 2003]","{""height"": 2737, ""width"": 3916}",1024x715,1024x715
178,add,watermelon,watermelon,tail,1,images/add/0178_add_source.jpg,images/add/0178_add_condition.jpg,/scratch/peterwg/data/ImgEdit_mask/laion-aes/00008/00000/000000821.jpg,/scratch/peterwg/data/ImgEdit_mask/textmask_add_laion/00008_00000_000000821_0_watermelon.png,"[2770, 1342]","[3309, 1437]","[1734, 170, 4347, 2582]","{""height"": 3744, ""width"": 5286}",1024x725,1024x725
179,add,roof tent,roof-tent,tail,1,images/add/0179_add_source.jpg,images/add/0179_add_condition.jpg,/scratch/peterwg/data/ImgEdit_mask/laion-aes/00006/00036/000363884.jpg,/scratch/peterwg/data/ImgEdit_mask/textmask_add_laion/00006_00036_000363884_0_roof-tent.png,"[1035, 391]","[1460, 486]","[750, 106, 1747, 744]","{""height"": 1362, ""width"": 2048}",1024x681,1024x681
180,add,skillet,skillet,tail,1,images/add/0180_add_source.jpg,images/add/0180_add_condition.jpg,/scratch/peterwg/data/ImgEdit_mask/laion-aes/00008/00007/000077779.jpg,/scratch/peterwg/data/ImgEdit_mask/textmask_add_laion/00008_00007_000077779_0_skillet.png,"[317, 453]","[586, 548]","[71, 220, 834, 755]","{""height"": 1333, ""width"": 2000}",1024x682,1024x682
181,add,white dessert,white-dessert,tail,1,images/add/0181_add_source.jpg,images/add/0181_add_condition.jpg,/scratch/peterwg/data/ImgEdit_mask/laion-aes/00009/00015/000154257.jpg,/scratch/peterwg/data/ImgEdit_mask/textmask_add_laion/00009_00015_000154257_0_white-dessert.png,"[950, 1095]","[1582, 1190]","[623, 813, 1909, 1445]","{""height"": 1876, ""width"": 2500}",1024x768,1024x768
182,add,snowmobile,snowmobile,tail,1,images/add/0182_add_source.jpg,images/add/0182_add_condition.jpg,/scratch/peterwg/data/ImgEdit_mask/laion-aes/00009/00026/000261346.jpg,/scratch/peterwg/data/ImgEdit_mask/textmask_add_laion/00009_00026_000261346_0_snowmobile.png,"[2527, 1445]","[3069, 1540]","[1502, 943, 4095, 2015]","{""height"": 2304, ""width"": 4096}",1024x576,1024x576
183,add,spools,spools,tail,1,images/add/0183_add_source.jpg,images/add/0183_add_condition.jpg,/scratch/peterwg/data/ImgEdit_mask/laion-aes/00000/00007/000072204.jpg,/scratch/peterwg/data/ImgEdit_mask/textmask_add_laion/00000_00007_000072204_0_spools.png,"[1468, 469]","[1770, 564]","[1319, 278, 1920, 728]","{""height"": 1440, ""width"": 1920}",1024x768,1024x768
184,add,short hair,short-hair,tail,1,images/add/0184_add_source.jpg,images/add/0184_add_condition.jpg,/scratch/peterwg/data/ImgEdit_mask/laion-aes/00002/00038/000385190.jpg,/scratch/peterwg/data/ImgEdit_mask/textmask_add_laion/00002_00038_000385190_0_short-hair.png,"[810, 486]","[1280, 581]","[527, 143, 1564, 897]","{""height"": 2160, ""width"": 3840}",1024x576,1024x576
185,add,stands,stands,tail,1,images/add/0185_add_source.jpg,images/add/0185_add_condition.jpg,/scratch/peterwg/data/ImgEdit_mask/laion-aes/00005/00039/000397424.jpg,/scratch/peterwg/data/ImgEdit_mask/textmask_add_laion/00005_00039_000397424_0_stands.png,"[966, 967]","[1280, 1062]","[949, 821, 1297, 1181]","{""height"": 1406, ""width"": 2500}",1024x575,1024x575
186,add,rose shaped ornament,rose-shaped-ornament,tail,1,images/add/0186_add_source.jpg,images/add/0186_add_condition.jpg,/scratch/peterwg/data/ImgEdit_mask/laion-aes/00007/00022/000225525.jpg,/scratch/peterwg/data/ImgEdit_mask/textmask_add_laion/00007_00022_000225525_0_rose-shaped-ornament.png,"[205, 968]","[985, 1044]","[378, 714, 813, 1271]","{""height"": 1368, ""width"": 1824}",1024x768,1024x768
187,add,wooden kitchen utensils,wooden-kitchen-utensils,tail,1,images/add/0187_add_source.jpg,images/add/0187_add_condition.jpg,/scratch/peterwg/data/ImgEdit_mask/laion-aes/00008/00012/000127469.jpg,/scratch/peterwg/data/ImgEdit_mask/textmask_add_laion/00008_00012_000127469_0_wooden-kitchen-utensils.png,"[571, 1592]","[1707, 1687]","[208, 1032, 2071, 2221]","{""height"": 2742, ""width"": 4050}",1024x693,1024x693
188,add,Victorian style dress,Victorian-style-dress,tail,1,images/add/0188_add_source.jpg,images/add/0188_add_condition.jpg,/scratch/peterwg/data/ImgEdit_mask/laion-aes/00003/00023/000236943.jpg,/scratch/peterwg/data/ImgEdit_mask/textmask_add_laion/00003_00023_000236943_0_Victorian-style-dress.png,"[705, 760]","[1306, 830]","[834, 560, 1178, 1002]","{""height"": 1333, ""width"": 2000}",1024x682,1024x682
189,add,vanity table,vanity-table,tail,1,images/add/0189_add_source.jpg,images/add/0189_add_condition.jpg,/scratch/peterwg/data/ImgEdit_mask/laion-aes/00009/00025/000256211.jpg,/scratch/peterwg/data/ImgEdit_mask/textmask_add_laion/00009_00025_000256211_0_vanity-table.png,"[601, 1011]","[1152, 1106]","[330, 658, 1425, 1432]","{""height"": 1600, ""width"": 2000}",1024x819,1024x819
190,add,wooden structures,wooden-structures,tail,1,images/add/0190_add_source.jpg,images/add/0190_add_condition.jpg,/scratch/peterwg/data/ImgEdit_mask/laion-aes/00006/00009/000091167.jpg,/scratch/peterwg/data/ImgEdit_mask/textmask_add_laion/00006_00009_000091167_0_wooden-structures.png,"[2629, 1342]","[3504, 1437]","[2267, 903, 3867, 1849]","{""height"": 2592, ""width"": 3872}",1024x685,1024x685
191,add,smoothies,smoothies,tail,1,images/add/0191_add_source.jpg,images/add/0191_add_condition.jpg,/scratch/peterwg/data/ImgEdit_mask/laion-aes/00008/00011/000119374.jpg,/scratch/peterwg/data/ImgEdit_mask/textmask_add_laion/00008_00011_000119374_0_smoothies.png,"[167, 557]","[649, 652]","[161, 307, 655, 875]","{""height"": 1399, ""width"": 1920}",1024x746,1024x746
192,add,yarn sheep,yarn-sheep,tail,1,images/add/0192_add_source.jpg,images/add/0192_add_condition.jpg,/scratch/peterwg/data/ImgEdit_mask/laion-aes/00004/00039/000393763.jpg,/scratch/peterwg/data/ImgEdit_mask/textmask_add_laion/00004_00039_000393763_0_yarn-sheep.png,"[1026, 2660]","[1553, 2755]","[637, 2064, 1944, 3325]","{""height"": 3456, ""width"": 5184}",1024x682,1024x682
193,add,tulips,tulips,tail,1,images/add/0193_add_source.jpg,images/add/0193_add_condition.jpg,/scratch/peterwg/data/ImgEdit_mask/laion-aes/00000/00030/000302545.jpg,/scratch/peterwg/data/ImgEdit_mask/textmask_add_laion/00000_00030_000302545_0_tulips.png,"[1898, 2042]","[2152, 2137]","[18, 1128, 4032, 3024]","{""height"": 3024, ""width"": 4032}",1024x768,1024x768
194,add,shrubs,shrubs,tail,1,images/add/0194_add_source.jpg,images/add/0194_add_condition.jpg,/scratch/peterwg/data/ImgEdit_mask/laion-aes/00000/00006/000065202.jpg,/scratch/peterwg/data/ImgEdit_mask/textmask_add_laion/00000_00006_000065202_0_shrubs.png,"[801, 1168]","[1118, 1263]","[1, 1062, 1920, 1342]","{""height"": 1342, ""width"": 1920}",1024x715,1024x715
195,add,whale,whale,tail,1,images/add/0195_add_source.jpg,images/add/0195_add_condition.jpg,/scratch/peterwg/data/ImgEdit_mask/laion-aes/00001/00021/000214576.jpg,/scratch/peterwg/data/ImgEdit_mask/textmask_add_laion/00001_00021_000214576_0_whale.png,"[1515, 1130]","[1778, 1225]","[1184, 837, 2111, 1492]","{""height"": 2000, ""width"": 3000}",1024x682,1024x682
196,add,ticket booth,ticket-booth,tail,1,images/add/0196_add_source.jpg,images/add/0196_add_condition.jpg,/scratch/peterwg/data/ImgEdit_mask/laion-aes/00008/00007/000077440.jpg,/scratch/peterwg/data/ImgEdit_mask/textmask_add_laion/00008_00007_000077440_0_ticket-booth.png,"[1063, 821]","[1635, 916]","[634, 342, 2064, 1368]","{""height"": 1662, ""width"": 2500}",1024x680,1024x680
197,add,telephone booth,telephone-booth,tail,1,images/add/0197_add_source.jpg,images/add/0197_add_condition.jpg,/scratch/peterwg/data/ImgEdit_mask/laion-aes/00001/00021/000213416.jpg,/scratch/peterwg/data/ImgEdit_mask/textmask_add_laion/00001_00021_000213416_0_telephone-booth.png,"[546, 665]","[1313, 760]","[507, 35, 1353, 1363]","{""height"": 1363, ""width"": 2274}",1024x613,1024x613
198,add,teenagers,teenagers,tail,1,images/add/0198_add_source.jpg,images/add/0198_add_condition.jpg,/scratch/peterwg/data/ImgEdit_mask/laion-aes/00004/00006/000063586.jpg,/scratch/peterwg/data/ImgEdit_mask/textmask_add_laion/00004_00006_000063586_0_teenagers.png,"[533, 1522]","[997, 1617]","[350, 177, 1180, 2936]","{""height"": 3264, ""width"": 4928}",1024x678,1024x678
199,add,sink,sink,tail,1,images/add/0199_add_source.jpg,images/add/0199_add_condition.jpg,/scratch/peterwg/data/ImgEdit_mask/laion-aes/00006/00012/000122250.jpg,/scratch/peterwg/data/ImgEdit_mask/textmask_add_laion/00006_00012_000122250_0_sink.png,"[359, 809]","[547, 904]","[282, 785, 624, 901]","{""height"": 1440, ""width"": 1920}",1024x768,1024x768
200,add,ski slopes,ski-slopes,tail,1,images/add/0200_add_source.jpg,images/add/0200_add_condition.jpg,/scratch/peterwg/data/ImgEdit_mask/laion-aes/00007/00008/000088015.jpg,/scratch/peterwg/data/ImgEdit_mask/textmask_add_laion/00007_00008_000088015_0_ski-slopes.png,"[786, 735]","[1259, 830]","[0, 177, 2047, 1362]","{""height"": 1365, ""width"": 2048}",1024x682,1024x682
201,replace,a black sports motorcycle,a-black-sports-motorcycle,head,3,images/replace/0201_replace_source.jpg,images/replace/0201_replace_condition.jpg,/scratch/peterwg/data/ImgEdit_mask/laion-aes/00007/00016/000169696.jpg,/scratch/peterwg/data/ImgEdit_mask/textmask_replace_laion/00007_00016_000169696_1_a-black-sports-motorcycle.png,"[623, 826]","[1876, 921]","[294, 470, 2207, 1250]","{""height"": 1440, ""width"": 2560}",1024x576,1024x576
202,replace,a groom,a-groom,head,3,images/replace/0202_replace_source.jpg,images/replace/0202_replace_condition.jpg,/scratch/peterwg/data/ImgEdit_mask/laion-aes/00009/00015/000158588.jpg,/scratch/peterwg/data/ImgEdit_mask/textmask_replace_laion/00009_00015_000158588_1_a-groom.png,"[1224, 837]","[1634, 932]","[1158, 377, 1701, 1365]","{""height"": 1367, ""width"": 2048}",1024x683,1024x683
203,replace,a wooden log,a-wooden-log,head,6,images/replace/0203_replace_source.jpg,images/replace/0203_replace_condition.jpg,/scratch/peterwg/data/ImgEdit_mask/laion-aes/00000/00016/000168814.jpg,/scratch/peterwg/data/ImgEdit_mask/textmask_replace_laion/00000_00016_000168814_1_a-wooden-log.png,"[981, 882]","[1625, 977]","[980, 413, 1626, 1419]","{""height"": 1667, ""width"": 2500}",1024x682,1024x682
204,replace,a brown dog,a-brown-dog,head,106,images/replace/0204_replace_source.jpg,images/replace/0204_replace_condition.jpg,/scratch/peterwg/data/ImgEdit_mask/laion-aes/00007/00019/000193946.jpg,/scratch/peterwg/data/ImgEdit_mask/textmask_replace_laion/00007_00019_000193946_1_a-brown-dog.png,"[950, 898]","[1555, 993]","[1084, 505, 1423, 1359]","{""height"": 1361, ""width"": 2048}",1024x680,1024x680
205,replace,a metal bench,a-metal-bench,head,8,images/replace/0205_replace_source.jpg,images/replace/0205_replace_condition.jpg,/scratch/peterwg/data/ImgEdit_mask/laion-aes/00005/00036/000360935.jpg,/scratch/peterwg/data/ImgEdit_mask/textmask_replace_laion/00005_00036_000360935_1_a-metal-bench.png,"[1159, 2378]","[1857, 2473]","[1093, 1667, 1923, 3158]","{""height"": 3456, ""width"": 5184}",1024x682,1024x682
206,replace,sweater,sweater,head,11,images/replace/0206_replace_source.jpg,images/replace/0206_replace_condition.jpg,/scratch/peterwg/data/ImgEdit_mask/laion-aes/00008/00009/000099882.jpg,/scratch/peterwg/data/ImgEdit_mask/textmask_replace_laion/00008_00009_000099882_0_sweater.png,"[1453, 903]","[1815, 998]","[1355, 419, 1913, 1456]","{""height"": 1467, ""width"": 2200}",1024x682,1024x682
207,replace,a metal tray,a-metal-tray,head,10,images/replace/0207_replace_source.jpg,images/replace/0207_replace_condition.jpg,/scratch/peterwg/data/ImgEdit_mask/laion-aes/00003/00034/000347223.jpg,/scratch/peterwg/data/ImgEdit_mask/textmask_replace_laion/00003_00034_000347223_1_a-metal-tray.png,"[780, 1074]","[1379, 1169]","[0, 343, 2161, 1874]","{""height"": 1878, ""width"": 2720}",1024x707,1024x707
208,replace,a wool beanie,a-wool-beanie,head,7,images/replace/0208_replace_source.jpg,images/replace/0208_replace_condition.jpg,/scratch/peterwg/data/ImgEdit_mask/laion-aes/00007/00011/000110322.jpg,/scratch/peterwg/data/ImgEdit_mask/textmask_replace_laion/00007_00011_000110322_1_a-wool-beanie.png,"[2035, 945]","[2700, 1040]","[2091, 645, 2646, 1314]","{""height"": 2304, ""width"": 3456}",1024x682,1024x682
209,replace,pink flowers,pink-flowers,head,4,images/replace/0209_replace_source.jpg,images/replace/0209_replace_condition.jpg,/scratch/peterwg/data/ImgEdit_mask/laion-aes/00003/00037/000378848.jpg,/scratch/peterwg/data/ImgEdit_mask/textmask_replace_laion/00003_00037_000378848_0_pink-flowers.png,"[972, 315]","[1541, 410]","[698, 2, 1816, 696]","{""height"": 1600, ""width"": 2560}",1024x640,1024x640
210,replace,a black office chair,a-black-office-chair,head,3,images/replace/0210_replace_source.jpg,images/replace/0210_replace_condition.jpg,/scratch/peterwg/data/ImgEdit_mask/laion-aes/00000/00009/000090363.jpg,/scratch/peterwg/data/ImgEdit_mask/textmask_replace_laion/00000_00009_000090363_1_a-black-office-chair.png,"[504, 633]","[1445, 728]","[109, 153, 1842, 1182]","{""height"": 1280, ""width"": 1920}",1024x682,1024x682
211,replace,mural,mural,head,8,images/replace/0211_replace_source.jpg,images/replace/0211_replace_condition.jpg,/scratch/peterwg/data/ImgEdit_mask/laion-aes/00006/00040/000401319.jpg,/scratch/peterwg/data/ImgEdit_mask/textmask_replace_laion/00006_00040_000401319_0_mural.png,"[887, 767]","[1159, 862]","[0, 1, 2046, 1602]","{""height"": 1606, ""width"": 2048}",1024x803,1024x803
212,replace,bottles,bottles,head,4,images/replace/0212_replace_source.jpg,images/replace/0212_replace_condition.jpg,/scratch/peterwg/data/ImgEdit_mask/laion-aes/00002/00018/000181987.jpg,/scratch/peterwg/data/ImgEdit_mask/textmask_replace_laion/00002_00018_000181987_0_bottles.png,"[1549, 862]","[1869, 957]","[1372, 787, 2047, 1005]","{""height"": 1365, ""width"": 2048}",1024x682,1024x682
213,replace,sunflowers,sunflowers,head,5,images/replace/0213_replace_source.jpg,images/replace/0213_replace_condition.jpg,/scratch/peterwg/data/ImgEdit_mask/laion-aes/00004/00005/000054312.jpg,/scratch/peterwg/data/ImgEdit_mask/textmask_replace_laion/00004_00005_000054312_1_sunflowers.png,"[2317, 1991]","[2814, 2086]","[709, 317, 4424, 3734]","{""height"": 3744, ""width"": 4992}",1024x768,1024x768
214,replace,blanket,blanket,head,6,images/replace/0214_replace_source.jpg,images/replace/0214_replace_condition.jpg,/scratch/peterwg/data/ImgEdit_mask/laion-aes/00006/00030/000309701.jpg,/scratch/peterwg/data/ImgEdit_mask/textmask_replace_laion/00006_00030_000309701_0_blanket.png,"[1710, 1650]","[2051, 1745]","[1389, 1348, 2374, 2020]","{""height"": 2712, ""width"": 3840}",1024x723,1024x723
215,replace,bottle,bottle,head,6,images/replace/0215_replace_source.jpg,images/replace/0215_replace_condition.jpg,/scratch/peterwg/data/ImgEdit_mask/laion-aes/00008/00026/000263197.jpg,/scratch/peterwg/data/ImgEdit_mask/textmask_replace_laion/00008_00026_000263197_0_bottle.png,"[545, 1012]","[814, 1107]","[604, 778, 756, 1314]","{""height"": 1667, ""width"": 2500}",1024x682,1024x682
216,replace,a plush rabbit,a-plush-rabbit,head,5,images/replace/0216_replace_source.jpg,images/replace/0216_replace_condition.jpg,/scratch/peterwg/data/ImgEdit_mask/laion-aes/00001/00039/000396550.jpg,/scratch/peterwg/data/ImgEdit_mask/textmask_replace_laion/00001_00039_000396550_1_a-plush-rabbit.png,"[1319, 962]","[1993, 1057]","[671, 234, 2642, 1759]","{""height"": 2000, ""width"": 3000}",1024x682,1024x682
217,replace,wooden benches,wooden-benches,head,78,images/replace/0217_replace_source.jpg,images/replace/0217_replace_condition.jpg,/scratch/peterwg/data/ImgEdit_mask/laion-aes/00003/00022/000225567.jpg,/scratch/peterwg/data/ImgEdit_mask/textmask_replace_laion/00003_00022_000225567_1_wooden-benches.png,"[152, 1086]","[937, 1181]","[224, 837, 866, 1403]","{""height"": 1536, ""width"": 2048}",1024x768,1024x768
218,replace,throw pillows,throw-pillows,head,7,images/replace/0218_replace_source.jpg,images/replace/0218_replace_condition.jpg,/scratch/peterwg/data/ImgEdit_mask/laion-aes/00008/00017/000170006.jpg,/scratch/peterwg/data/ImgEdit_mask/textmask_replace_laion/00008_00017_000170006_0_throw-pillows.png,"[4839, 1239]","[5450, 1334]","[4900, 1020, 5390, 1526]","{""height"": 4000, ""width"": 6000}",1024x682,1024x682
219,replace,a woven basket,a-woven-basket,head,7,images/replace/0219_replace_source.jpg,images/replace/0219_replace_condition.jpg,/scratch/peterwg/data/ImgEdit_mask/laion-aes/00003/00030/000305006.jpg,/scratch/peterwg/data/ImgEdit_mask/textmask_replace_laion/00003_00030_000305006_1_a-woven-basket.png,"[-97, 2188]","[649, 2283]","[0, 1905, 552, 2540]","{""height"": 3024, ""width"": 4032}",1024x768,1024x768
220,replace,a wooden platform,a-wooden-platform,head,5,images/replace/0220_replace_source.jpg,images/replace/0220_replace_condition.jpg,/scratch/peterwg/data/ImgEdit_mask/laion-aes/00006/00017/000174257.jpg,/scratch/peterwg/data/ImgEdit_mask/textmask_replace_laion/00006_00017_000174257_1_a-wooden-platform.png,"[1199, 1570]","[2101, 1665]","[543, 1425, 2758, 1784]","{""height"": 1784, ""width"": 2930}",1024x623,1024x623
221,replace,dirt bike,dirt-bike,head,5,images/replace/0221_replace_source.jpg,images/replace/0221_replace_condition.jpg,/scratch/peterwg/data/ImgEdit_mask/laion-aes/00004/00029/000298978.jpg,/scratch/peterwg/data/ImgEdit_mask/textmask_replace_laion/00004_00029_000298978_0_dirt-bike.png,"[820, 656]","[1215, 751]","[354, 42, 1683, 1339]","{""height"": 1440, ""width"": 1920}",1024x768,1024x768
222,replace,Milky Way,Milky-Way,head,3,images/replace/0222_replace_source.jpg,images/replace/0222_replace_condition.jpg,/scratch/peterwg/data/ImgEdit_mask/laion-aes/00005/00008/000086467.jpg,/scratch/peterwg/data/ImgEdit_mask/textmask_replace_laion/00005_00008_000086467_0_Milky-Way.png,"[1026, 317]","[1475, 412]","[4, 3, 2499, 700]","{""height"": 1667, ""width"": 2500}",1024x682,1024x682
223,replace,a red mountain bike,a-red-mountain-bike,head,14,images/replace/0223_replace_source.jpg,images/replace/0223_replace_condition.jpg,/scratch/peterwg/data/ImgEdit_mask/laion-aes/00008/00037/000374145.jpg,/scratch/peterwg/data/ImgEdit_mask/textmask_replace_laion/00008_00037_000374145_1_a-red-mountain-bike.png,"[573, 698]","[1550, 793]","[215, 94, 1910, 1370]","{""height"": 1472, ""width"": 2210}",1024x682,1024x682
224,replace,a fabric bench,a-fabric-bench,head,3,images/replace/0224_replace_source.jpg,images/replace/0224_replace_condition.jpg,/scratch/peterwg/data/ImgEdit_mask/laion-aes/00006/00037/000375097.jpg,/scratch/peterwg/data/ImgEdit_mask/textmask_replace_laion/00006_00037_000375097_1_a-fabric-bench.png,"[650, 340]","[1354, 435]","[786, 36, 1218, 713]","{""height"": 1283, ""width"": 1920}",1024x684,1024x684
225,replace,a cotton sweater,a-cotton-sweater,head,4,images/replace/0225_replace_source.jpg,images/replace/0225_replace_condition.jpg,/scratch/peterwg/data/ImgEdit_mask/laion-aes/00004/00026/000261904.jpg,/scratch/peterwg/data/ImgEdit_mask/textmask_replace_laion/00004_00026_000261904_1_a-cotton-sweater.png,"[709, 843]","[1521, 938]","[825, 464, 1405, 1290]","{""height"": 1414, ""width"": 2121}",1024x682,1024x682
226,replace,a rocky hill,a-rocky-hill,head,4,images/replace/0226_replace_source.jpg,images/replace/0226_replace_condition.jpg,/scratch/peterwg/data/ImgEdit_mask/laion-aes/00009/00033/000333591.jpg,/scratch/peterwg/data/ImgEdit_mask/textmask_replace_laion/00009_00033_000333591_1_a-rocky-hill.png,"[139, 733]","[675, 828]","[0, 183, 815, 1351]","{""height"": 1351, ""width"": 2048}",1024x675,1024x675
227,replace,a vibrant bouquet,a-vibrant-bouquet,head,4,images/replace/0227_replace_source.jpg,images/replace/0227_replace_condition.jpg,/scratch/peterwg/data/ImgEdit_mask/laion-aes/00008/00032/000324994.jpg,/scratch/peterwg/data/ImgEdit_mask/textmask_replace_laion/00008_00032_000324994_1_a-vibrant-bouquet.png,"[2028, 1013]","[2625, 1081]","[2156, 884, 2499, 1191]","{""height"": 1667, ""width"": 2500}",1024x682,1024x682
228,replace,a willow tree,a-willow-tree,head,4,images/replace/0228_replace_source.jpg,images/replace/0228_replace_condition.jpg,/scratch/peterwg/data/ImgEdit_mask/laion-aes/00008/00005/000059020.jpg,/scratch/peterwg/data/ImgEdit_mask/textmask_replace_laion/00008_00005_000059020_1_a-willow-tree.png,"[181, 313]","[783, 408]","[261, 2, 703, 693]","{""height"": 1434, ""width"": 2160}",1024x679,1024x679
229,replace,a wooden fence,a-wooden-fence,head,26,images/replace/0229_replace_source.jpg,images/replace/0229_replace_condition.jpg,/scratch/peterwg/data/ImgEdit_mask/laion-aes/00006/00024/000243936.jpg,/scratch/peterwg/data/ImgEdit_mask/textmask_replace_laion/00006_00024_000243936_1_a-wooden-fence.png,"[579, 359]","[1340, 454]","[0, 169, 1920, 618]","{""height"": 1280, ""width"": 1920}",1024x682,1024x682
230,replace,a young boy,a-young-boy,head,13,images/replace/0230_replace_source.jpg,images/replace/0230_replace_condition.jpg,/scratch/peterwg/data/ImgEdit_mask/laion-aes/00009/00028/000283608.jpg,/scratch/peterwg/data/ImgEdit_mask/textmask_replace_laion/00009_00028_000283608_1_a-young-boy.png,"[1115, 897]","[1711, 992]","[988, 263, 1838, 1600]","{""height"": 1600, ""width"": 2400}",1024x682,1024x682
231,replace,a brown bear,a-brown-bear,head,16,images/replace/0231_replace_source.jpg,images/replace/0231_replace_condition.jpg,/scratch/peterwg/data/ImgEdit_mask/laion-aes/00006/00036/000366962.jpg,/scratch/peterwg/data/ImgEdit_mask/textmask_replace_laion/00006_00036_000366962_1_a-brown-bear.png,"[1052, 910]","[1693, 1005]","[752, 474, 1994, 1414]","{""height"": 1414, ""width"": 2120}",1024x682,1024x682
232,replace,a wooden barn,a-wooden-barn,head,19,images/replace/0232_replace_source.jpg,images/replace/0232_replace_condition.jpg,/scratch/peterwg/data/ImgEdit_mask/laion-aes/00004/00040/000401674.jpg,/scratch/peterwg/data/ImgEdit_mask/textmask_replace_laion/00004_00040_000401674_1_a-wooden-barn.png,"[783, 1002]","[1499, 1097]","[77, 449, 2206, 1624]","{""height"": 1893, ""width"": 2249}",1024x861,1024x861
233,replace,smooth sand,smooth-sand,head,8,images/replace/0233_replace_source.jpg,images/replace/0233_replace_condition.jpg,/scratch/peterwg/data/ImgEdit_mask/laion-aes/00001/00028/000281556.jpg,/scratch/peterwg/data/ImgEdit_mask/textmask_replace_laion/00001_00028_000281556_1_smooth-sand.png,"[1753, 1501]","[2376, 1596]","[303, 1379, 3828, 1692]","{""height"": 2538, ""width"": 3832}",1023x678,1023x678
234,replace,cake stand,cake-stand,head,4,images/replace/0234_replace_source.jpg,images/replace/0234_replace_condition.jpg,/scratch/peterwg/data/ImgEdit_mask/laion-aes/00001/00031/000313663.jpg,/scratch/peterwg/data/ImgEdit_mask/textmask_replace_laion/00001_00031_000313663_0_cake-stand.png,"[1148, 1175]","[1675, 1270]","[342, 515, 2483, 1903]","{""height"": 1920, ""width"": 2560}",1024x768,1024x768
235,replace,decorations,decorations,head,8,images/replace/0235_replace_source.jpg,images/replace/0235_replace_condition.jpg,/scratch/peterwg/data/ImgEdit_mask/laion-aes/00002/00006/000068407.jpg,/scratch/peterwg/data/ImgEdit_mask/textmask_replace_laion/00002_00006_000068407_0_decorations.png,"[1062, 780]","[1610, 875]","[659, 190, 2013, 1438]","{""height"": 1440, ""width"": 2560}",1024x576,1024x576
236,replace,convertible top,convertible-top,head,22,images/replace/0236_replace_source.jpg,images/replace/0236_replace_condition.jpg,/scratch/peterwg/data/ImgEdit_mask/laion-aes/00007/00039/000396177.jpg,/scratch/peterwg/data/ImgEdit_mask/textmask_replace_laion/00007_00039_000396177_0_convertible-top.png,"[617, 790]","[1324, 885]","[64, 453, 1878, 1195]","{""height"": 1280, ""width"": 1920}",1024x682,1024x682
237,replace,a white vase,a-white-vase,head,12,images/replace/0237_replace_source.jpg,images/replace/0237_replace_condition.jpg,/scratch/peterwg/data/ImgEdit_mask/laion-aes/00005/00003/000030601.jpg,/scratch/peterwg/data/ImgEdit_mask/textmask_replace_laion/00005_00003_000030601_1_a-white-vase.png,"[1902, 967]","[2507, 1062]","[1412, 2, 2999, 2000]","{""height"": 2000, ""width"": 3000}",1024x682,1024x682
238,replace,a young tree,a-young-tree,head,15,images/replace/0238_replace_source.jpg,images/replace/0238_replace_condition.jpg,/scratch/peterwg/data/ImgEdit_mask/laion-aes/00006/00019/000195757.jpg,/scratch/peterwg/data/ImgEdit_mask/textmask_replace_laion/00006_00019_000195757_1_a-young-tree.png,"[297, 770]","[914, 865]","[73, 9, 1139, 1600]","{""height"": 1600, ""width"": 2400}",1024x682,1024x682
239,replace,a black wheel,a-black-wheel,head,3,images/replace/0239_replace_source.jpg,images/replace/0239_replace_condition.jpg,/scratch/peterwg/data/ImgEdit_mask/laion-aes/00000/00035/000357338.jpg,/scratch/peterwg/data/ImgEdit_mask/textmask_replace_laion/00000_00035_000357338_1_a-black-wheel.png,"[735, 896]","[1391, 991]","[711, 622, 1416, 1239]","{""height"": 1440, ""width"": 1920}",1024x768,1024x768
240,replace,tents,tents,head,9,images/replace/0240_replace_source.jpg,images/replace/0240_replace_condition.jpg,/scratch/peterwg/data/ImgEdit_mask/laion-aes/00003/00014/000142607.jpg,/scratch/peterwg/data/ImgEdit_mask/textmask_replace_laion/00003_00014_000142607_0_tents.png,"[861, 385]","[1100, 480]","[577, 260, 1385, 578]","{""height"": 2736, ""width"": 3648}",1024x768,1024x768
241,replace,a red crown,a-red-crown,mid,1,images/replace/0241_replace_source.jpg,images/replace/0241_replace_condition.jpg,/scratch/peterwg/data/ImgEdit_mask/laion-aes/00005/00007/000076268.jpg,/scratch/peterwg/data/ImgEdit_mask/textmask_replace_laion/00005_00007_000076268_1_a-red-crown.png,"[1011, 632]","[1438, 703]","[1102, 556, 1348, 759]","{""height"": 1663, ""width"": 2500}",1024x681,1024x681
242,replace,a red cushion,a-red-cushion,mid,1,images/replace/0242_replace_source.jpg,images/replace/0242_replace_condition.jpg,/scratch/peterwg/data/ImgEdit_mask/laion-aes/00006/00004/000046514.jpg,/scratch/peterwg/data/ImgEdit_mask/textmask_replace_laion/00006_00004_000046514_1_a-red-cushion.png,"[1491, 1895]","[2156, 1990]","[622, 521, 3027, 3337]","{""height"": 3456, ""width"": 5184}",1024x682,1024x682
243,replace,a young oak,a-young-oak,mid,1,images/replace/0243_replace_source.jpg,images/replace/0243_replace_condition.jpg,/scratch/peterwg/data/ImgEdit_mask/laion-aes/00003/00030/000306418.jpg,/scratch/peterwg/data/ImgEdit_mask/textmask_replace_laion/00003_00030_000306418_1_a-young-oak.png,"[2986, 1692]","[3585, 1787]","[2772, 9, 3800, 3443]","{""height"": 3456, ""width"": 5184}",1024x682,1024x682
244,replace,holiday decorations,holiday-decorations,mid,1,images/replace/0244_replace_source.jpg,images/replace/0244_replace_condition.jpg,/scratch/peterwg/data/ImgEdit_mask/laion-aes/00009/00037/000375268.jpg,/scratch/peterwg/data/ImgEdit_mask/textmask_replace_laion/00009_00037_000375268_1_holiday-decorations.png,"[203, 686]","[1123, 781]","[0, 16, 1326, 1424]","{""height"": 1668, ""width"": 2500}",1024x683,1024x683
245,replace,a football,a-football,mid,1,images/replace/0245_replace_source.jpg,images/replace/0245_replace_condition.jpg,/scratch/peterwg/data/ImgEdit_mask/laion-aes/00006/00023/000234839.jpg,/scratch/peterwg/data/ImgEdit_mask/textmask_replace_laion/00006_00023_000234839_1_a-football.png,"[671, 1034]","[1129, 1129]","[120, 61, 1680, 2076]","{""height"": 2076, ""width"": 3114}",1023x682,1023x682
246,replace,a snowy forest,a-snowy-forest,mid,1,images/replace/0246_replace_source.jpg,images/replace/0246_replace_condition.jpg,/scratch/peterwg/data/ImgEdit_mask/laion-aes/00002/00012/000124520.jpg,/scratch/peterwg/data/ImgEdit_mask/textmask_replace_laion/00002_00012_000124520_1_a-snowy-forest.png,"[1061, 1189]","[1771, 1284]","[1, 567, 2831, 1880]","{""height"": 1883, ""width"": 2835}",1024x680,1024x680
247,replace,chalkboard,chalkboard,mid,1,images/replace/0247_replace_source.jpg,images/replace/0247_replace_condition.jpg,/scratch/peterwg/data/ImgEdit_mask/laion-aes/00001/00022/000226426.jpg,/scratch/peterwg/data/ImgEdit_mask/textmask_replace_laion/00001_00022_000226426_0_chalkboard.png,"[1828, 476]","[2343, 571]","[1708, 233, 2465, 787]","{""height"": 1875, ""width"": 2500}",1024x768,1024x768
248,replace,a woolen cap,a-woolen-cap,mid,2,images/replace/0248_replace_source.jpg,images/replace/0248_replace_condition.jpg,/scratch/peterwg/data/ImgEdit_mask/laion-aes/00008/00036/000366084.jpg,/scratch/peterwg/data/ImgEdit_mask/textmask_replace_laion/00008_00036_000366084_1_a-woolen-cap.png,"[1275, 633]","[1916, 728]","[918, 258, 2274, 1077]","{""height"": 2175, ""width"": 2500}",1024x890,1024x890
249,replace,a red bus,a-red-bus,mid,2,images/replace/0249_replace_source.jpg,images/replace/0249_replace_condition.jpg,/scratch/peterwg/data/ImgEdit_mask/laion-aes/00004/00014/000148774.jpg,/scratch/peterwg/data/ImgEdit_mask/textmask_replace_laion/00004_00014_000148774_1_a-red-bus.png,"[2581, 1820]","[3054, 1915]","[1121, 898, 4516, 2811]","{""height"": 4315, ""width"": 6497}",1024x680,1024x680
250,replace,green chairs,green-chairs,mid,1,images/replace/0250_replace_source.jpg,images/replace/0250_replace_condition.jpg,/scratch/peterwg/data/ImgEdit_mask/laion-aes/00006/00033/000331909.jpg,/scratch/peterwg/data/ImgEdit_mask/textmask_replace_laion/00006_00033_000331909_0_green-chairs.png,"[1152, 1146]","[1748, 1241]","[1243, 856, 1658, 1505]","{""height"": 1536, ""width"": 2048}",1024x768,1024x768
251,replace,a retro camper,a-retro-camper,mid,1,images/replace/0251_replace_source.jpg,images/replace/0251_replace_condition.jpg,/scratch/peterwg/data/ImgEdit_mask/laion-aes/00005/00018/000184900.jpg,/scratch/peterwg/data/ImgEdit_mask/textmask_replace_laion/00005_00018_000184900_1_a-retro-camper.png,"[428, 718]","[1162, 813]","[187, 416, 1403, 1089]","{""height"": 1307, ""width"": 1960}",1024x682,1024x682
252,replace,fluffy white substance,fluffy-white-substance,mid,1,images/replace/0252_replace_source.jpg,images/replace/0252_replace_condition.jpg,/scratch/peterwg/data/ImgEdit_mask/laion-aes/00001/00024/000246555.jpg,/scratch/peterwg/data/ImgEdit_mask/textmask_replace_laion/00001_00024_000246555_0_fluffy-white-substance.png,"[1333, 996]","[2382, 1091]","[1487, 838, 2229, 1222]","{""height"": 1533, ""width"": 2300}",1024x682,1024x682
253,replace,fishing boat,fishing-boat,mid,2,images/replace/0253_replace_source.jpg,images/replace/0253_replace_condition.jpg,/scratch/peterwg/data/ImgEdit_mask/laion-aes/00004/00035/000354366.jpg,/scratch/peterwg/data/ImgEdit_mask/textmask_replace_laion/00004_00035_000354366_0_fishing-boat.png,"[329, 541]","[895, 636]","[294, 83, 930, 1067]","{""height"": 1333, ""width"": 2000}",1024x682,1024x682
254,replace,horse trailer,horse-trailer,mid,2,images/replace/0254_replace_source.jpg,images/replace/0254_replace_condition.jpg,/scratch/peterwg/data/ImgEdit_mask/laion-aes/00004/00007/000079843.jpg,/scratch/peterwg/data/ImgEdit_mask/textmask_replace_laion/00004_00007_000079843_0_horse-trailer.png,"[1541, 1254]","[2125, 1349]","[341, 121, 3325, 2455]","{""height"": 3024, ""width"": 4032}",1024x768,1024x768
255,replace,a white stone,a-white-stone,mid,1,images/replace/0255_replace_source.jpg,images/replace/0255_replace_condition.jpg,/scratch/peterwg/data/ImgEdit_mask/laion-aes/00009/00022/000227004.jpg,/scratch/peterwg/data/ImgEdit_mask/textmask_replace_laion/00009_00022_000227004_1_a-white-stone.png,"[859, 1204]","[1509, 1299]","[967, 1037, 1401, 1440]","{""height"": 1440, ""width"": 1920}",1024x768,1024x768
256,replace,a blue vase,a-blue-vase,mid,1,images/replace/0256_replace_source.jpg,images/replace/0256_replace_condition.jpg,/scratch/peterwg/data/ImgEdit_mask/laion-aes/00003/00038/000386579.jpg,/scratch/peterwg/data/ImgEdit_mask/textmask_replace_laion/00003_00038_000386579_1_a-blue-vase.png,"[516, 959]","[1076, 1054]","[613, 774, 979, 1213]","{""height"": 1536, ""width"": 2048}",1024x768,1024x768
257,replace,Adirondack chairs,Adirondack-chairs,mid,1,images/replace/0257_replace_source.jpg,images/replace/0257_replace_condition.jpg,/scratch/peterwg/data/ImgEdit_mask/laion-aes/00000/00019/000196767.jpg,/scratch/peterwg/data/ImgEdit_mask/textmask_replace_laion/00000_00019_000196767_0_Adirondack-chairs.png,"[260, 1906]","[1102, 2001]","[306, 1506, 1056, 2374]","{""height"": 2374, ""width"": 3339}",1024x728,1024x728
258,replace,a toy truck,a-toy-truck,mid,1,images/replace/0258_replace_source.jpg,images/replace/0258_replace_condition.jpg,/scratch/peterwg/data/ImgEdit_mask/laion-aes/00004/00013/000131578.jpg,/scratch/peterwg/data/ImgEdit_mask/textmask_replace_laion/00004_00013_000131578_1_a-toy-truck.png,"[602, 716]","[1138, 811]","[186, 369, 1554, 1131]","{""height"": 1440, ""width"": 1920}",1024x768,1024x768
259,replace,a white paper menu,a-white-paper-menu,mid,1,images/replace/0259_replace_source.jpg,images/replace/0259_replace_condition.jpg,/scratch/peterwg/data/ImgEdit_mask/laion-aes/00007/00016/000166236.jpg,/scratch/peterwg/data/ImgEdit_mask/textmask_replace_laion/00007_00016_000166236_1_a-white-paper-menu.png,"[762, 1392]","[1727, 1487]","[750, 1283, 1740, 1569]","{""height"": 1667, ""width"": 2500}",1024x682,1024x682
260,replace,a standing robot,a-standing-robot,mid,1,images/replace/0260_replace_source.jpg,images/replace/0260_replace_condition.jpg,/scratch/peterwg/data/ImgEdit_mask/laion-aes/00002/00014/000142835.jpg,/scratch/peterwg/data/ImgEdit_mask/textmask_replace_laion/00002_00014_000142835_1_a-standing-robot.png,"[925, 818]","[1327, 868]","[1012, 617, 1241, 1055]","{""height"": 1334, ""width"": 2000}",1024x683,1024x683
261,replace,a digital display,a-digital-display,mid,2,images/replace/0261_replace_source.jpg,images/replace/0261_replace_condition.jpg,/scratch/peterwg/data/ImgEdit_mask/laion-aes/00000/00024/000241105.jpg,/scratch/peterwg/data/ImgEdit_mask/textmask_replace_laion/00000_00024_000241105_1_a-digital-display.png,"[756, 780]","[1061, 821]","[822, 690, 996, 901]","{""height"": 1283, ""width"": 1920}",1024x684,1024x684
262,replace,a blue hat,a-blue-hat,mid,2,images/replace/0262_replace_source.jpg,images/replace/0262_replace_condition.jpg,/scratch/peterwg/data/ImgEdit_mask/laion-aes/00001/00031/000310691.jpg,/scratch/peterwg/data/ImgEdit_mask/textmask_replace_laion/00001_00031_000310691_1_a-blue-hat.png,"[951, 686]","[1451, 781]","[127, 3, 2275, 1438]","{""height"": 1440, ""width"": 2560}",1024x576,1024x576
263,replace,an acoustic piano,an-acoustic-piano,mid,1,images/replace/0263_replace_source.jpg,images/replace/0263_replace_condition.jpg,/scratch/peterwg/data/ImgEdit_mask/laion-aes/00008/00004/000049762.jpg,/scratch/peterwg/data/ImgEdit_mask/textmask_replace_laion/00008_00004_000049762_1_an-acoustic-piano.png,"[457, 1306]","[1257, 1396]","[635, 793, 1080, 1884]","{""height"": 2448, ""width"": 3264}",1024x768,1024x768
264,replace,a red wheelbarrow,a-red-wheelbarrow,mid,1,images/replace/0264_replace_source.jpg,images/replace/0264_replace_condition.jpg,/scratch/peterwg/data/ImgEdit_mask/laion-aes/00005/00017/000172447.jpg,/scratch/peterwg/data/ImgEdit_mask/textmask_replace_laion/00005_00017_000172447_1_a-red-wheelbarrow.png,"[732, 1224]","[1610, 1319]","[517, 953, 1825, 1563]","{""height"": 1667, ""width"": 2500}",1024x682,1024x682
265,replace,cookie sandwich,cookie-sandwich,mid,1,images/replace/0265_replace_source.jpg,images/replace/0265_replace_condition.jpg,/scratch/peterwg/data/ImgEdit_mask/laion-aes/00009/00039/000390316.jpg,/scratch/peterwg/data/ImgEdit_mask/textmask_replace_laion/00009_00039_000390316_0_cookie-sandwich.png,"[1091, 1017]","[1864, 1112]","[821, 550, 2135, 1553]","{""height"": 2304, ""width"": 3072}",1024x768,1024x768
266,replace,a rugged SUV,a-rugged-SUV,mid,2,images/replace/0266_replace_source.jpg,images/replace/0266_replace_condition.jpg,/scratch/peterwg/data/ImgEdit_mask/laion-aes/00005/00004/000042640.jpg,/scratch/peterwg/data/ImgEdit_mask/textmask_replace_laion/00005_00004_000042640_1_a-rugged-SUV.png,"[718, 750]","[1377, 845]","[146, 321, 1951, 1247]","{""height"": 1575, ""width"": 2100}",1024x768,1024x768
267,replace,a metal barrel,a-metal-barrel,mid,1,images/replace/0267_replace_source.jpg,images/replace/0267_replace_condition.jpg,/scratch/peterwg/data/ImgEdit_mask/laion-aes/00007/00029/000291255.jpg,/scratch/peterwg/data/ImgEdit_mask/textmask_replace_laion/00007_00029_000291255_1_a-metal-barrel.png,"[1256, 899]","[1945, 994]","[1182, 529, 2020, 1337]","{""height"": 1414, ""width"": 2121}",1024x682,1024x682
268,replace,poster,poster,mid,2,images/replace/0268_replace_source.jpg,images/replace/0268_replace_condition.jpg,/scratch/peterwg/data/ImgEdit_mask/laion-aes/00009/00027/000275072.jpg,/scratch/peterwg/data/ImgEdit_mask/textmask_replace_laion/00009_00027_000275072_0_poster.png,"[328, 959]","[627, 1054]","[0, 180, 957, 1806]","{""height"": 3221, ""width"": 4446}",1024x741,1024x741
269,replace,glass of beer,glass-of-beer,mid,2,images/replace/0269_replace_source.jpg,images/replace/0269_replace_condition.jpg,/scratch/peterwg/data/ImgEdit_mask/laion-aes/00002/00022/000223781.jpg,/scratch/peterwg/data/ImgEdit_mask/textmask_replace_laion/00002_00022_000223781_0_glass-of-beer.png,"[1501, 1078]","[2139, 1173]","[1462, 463, 2179, 1761]","{""height"": 1944, ""width"": 2592}",1024x768,1024x768
270,replace,a seeded bagel,a-seeded-bagel,mid,1,images/replace/0270_replace_source.jpg,images/replace/0270_replace_condition.jpg,/scratch/peterwg/data/ImgEdit_mask/laion-aes/00001/00023/000236672.jpg,/scratch/peterwg/data/ImgEdit_mask/textmask_replace_laion/00001_00023_000236672_1_a-seeded-bagel.png,"[901, 586]","[1635, 681]","[0, 0, 2536, 1241]","{""height"": 2400, ""width"": 3200}",1024x768,1024x768
271,replace,wooden carriages,wooden-carriages,tail,1,images/replace/0271_replace_source.jpg,images/replace/0271_replace_condition.jpg,/scratch/peterwg/data/ImgEdit_mask/laion-aes/00008/00013/000135205.jpg,/scratch/peterwg/data/ImgEdit_mask/textmask_replace_laion/00008_00013_000135205_1_wooden-carriages.png,"[2700, 1294]","[3533, 1389]","[1151, 530, 5084, 2126]","{""height"": 2983, ""width"": 5094}",1024x599,1024x599
272,replace,racing outfit,racing-outfit,tail,1,images/replace/0272_replace_source.jpg,images/replace/0272_replace_condition.jpg,/scratch/peterwg/data/ImgEdit_mask/laion-aes/00007/00035/000355114.jpg,/scratch/peterwg/data/ImgEdit_mask/textmask_replace_laion/00007_00035_000355114_0_racing-outfit.png,"[914, 503]","[1501, 598]","[947, 260, 1469, 814]","{""height"": 1331, ""width"": 2000}",1024x681,1024x681
273,replace,miniature garden,miniature-garden,tail,1,images/replace/0273_replace_source.jpg,images/replace/0273_replace_condition.jpg,/scratch/peterwg/data/ImgEdit_mask/laion-aes/00004/00008/000080395.jpg,/scratch/peterwg/data/ImgEdit_mask/textmask_replace_laion/00004_00008_000080395_0_miniature-garden.png,"[1176, 1665]","[1988, 1760]","[0, 950, 3165, 2448]","{""height"": 2448, ""width"": 3264}",1024x768,1024x768
274,replace,minarets,minarets,tail,1,images/replace/0274_replace_source.jpg,images/replace/0274_replace_condition.jpg,/scratch/peterwg/data/ImgEdit_mask/laion-aes/00005/00034/000341275.jpg,/scratch/peterwg/data/ImgEdit_mask/textmask_replace_laion/00005_00034_000341275_0_minarets.png,"[3096, 1267]","[3509, 1362]","[2730, 102, 3877, 2500]","{""height"": 3000, ""width"": 4000}",1024x768,1024x768
275,replace,life ring,life-ring,tail,1,images/replace/0275_replace_source.jpg,images/replace/0275_replace_condition.jpg,/scratch/peterwg/data/ImgEdit_mask/laion-aes/00003/00022/000221396.jpg,/scratch/peterwg/data/ImgEdit_mask/textmask_replace_laion/00003_00022_000221396_0_life-ring.png,"[1226, 230]","[1594, 325]","[1115, 103, 1706, 426]","{""height"": 1334, ""width"": 2000}",1024x683,1024x683
276,replace,woolen gloves,woolen-gloves,tail,1,images/replace/0276_replace_source.jpg,images/replace/0276_replace_condition.jpg,/scratch/peterwg/data/ImgEdit_mask/laion-aes/00002/00031/000312810.jpg,/scratch/peterwg/data/ImgEdit_mask/textmask_replace_laion/00002_00031_000312810_1_woolen-gloves.png,"[45, 445]","[704, 540]","[32, 2, 719, 956]","{""height"": 1289, ""width"": 1500}",1024x879,1024x879
277,replace,red bell peppers,red-bell-peppers,tail,1,images/replace/0277_replace_source.jpg,images/replace/0277_replace_condition.jpg,/scratch/peterwg/data/ImgEdit_mask/laion-aes/00005/00004/000043610.jpg,/scratch/peterwg/data/ImgEdit_mask/textmask_replace_laion/00005_00004_000043610_1_red-bell-peppers.png,"[2067, 1397]","[2846, 1492]","[2107, 878, 2808, 1984]","{""height"": 2336, ""width"": 3504}",1024x682,1024x682
278,replace,Subaru Impreza WRX STi,Subaru-Impreza-WRX-STi,tail,1,images/replace/0278_replace_source.jpg,images/replace/0278_replace_condition.jpg,/scratch/peterwg/data/ImgEdit_mask/laion-aes/00008/00035/000356813.jpg,/scratch/peterwg/data/ImgEdit_mask/textmask_replace_laion/00008_00035_000356813_0_Subaru-Impreza-WRX-STi.png,"[1057, 1191]","[2232, 1286]","[359, 674, 2932, 1776]","{""height"": 2100, ""width"": 3294}",1024x652,1024x652
279,replace,metal kayaks,metal-kayaks,tail,1,images/replace/0279_replace_source.jpg,images/replace/0279_replace_condition.jpg,/scratch/peterwg/data/ImgEdit_mask/laion-aes/00000/00017/000177355.jpg,/scratch/peterwg/data/ImgEdit_mask/textmask_replace_laion/00000_00017_000177355_1_metal-kayaks.png,"[1027, 1524]","[1656, 1619]","[696, 721, 1988, 2396]","{""height"": 3168, ""width"": 4752}",1024x682,1024x682
280,replace,knitted caps,knitted-caps,tail,1,images/replace/0280_replace_source.jpg,images/replace/0280_replace_condition.jpg,/scratch/peterwg/data/ImgEdit_mask/laion-aes/00008/00015/000157527.jpg,/scratch/peterwg/data/ImgEdit_mask/textmask_replace_laion/00008_00015_000157527_1_knitted-caps.png,"[3879, 569]","[4466, 664]","[3580, 151, 4767, 1056]","{""height"": 3744, ""width"": 5616}",1024x682,1024x682
281,replace,shorts,shorts,tail,1,images/replace/0281_replace_source.jpg,images/replace/0281_replace_condition.jpg,/scratch/peterwg/data/ImgEdit_mask/laion-aes/00001/00015/000158387.jpg,/scratch/peterwg/data/ImgEdit_mask/textmask_replace_laion/00001_00015_000158387_0_shorts.png,"[1731, 2741]","[2027, 2836]","[1233, 2095, 2525, 3456]","{""height"": 3456, ""width"": 5184}",1024x682,1024x682
282,replace,origami flower,origami-flower,tail,1,images/replace/0282_replace_source.jpg,images/replace/0282_replace_condition.jpg,/scratch/peterwg/data/ImgEdit_mask/laion-aes/00009/00033/000331940.jpg,/scratch/peterwg/data/ImgEdit_mask/textmask_replace_laion/00009_00033_000331940_0_origami-flower.png,"[1331, 1621]","[2008, 1716]","[1223, 1315, 2117, 1996]","{""height"": 1999, ""width"": 2709}",1024x755,1024x755
283,replace,martini glass,martini-glass,tail,1,images/replace/0283_replace_source.jpg,images/replace/0283_replace_condition.jpg,/scratch/peterwg/data/ImgEdit_mask/laion-aes/00005/00015/000150153.jpg,/scratch/peterwg/data/ImgEdit_mask/textmask_replace_laion/00005_00015_000150153_0_martini-glass.png,"[734, 863]","[1354, 958]","[506, 432, 1582, 1363]","{""height"": 1365, ""width"": 2048}",1024x682,1024x682
284,replace,sesame seed bun,sesame-seed-bun,tail,1,images/replace/0284_replace_source.jpg,images/replace/0284_replace_condition.jpg,/scratch/peterwg/data/ImgEdit_mask/laion-aes/00002/00007/000074539.jpg,/scratch/peterwg/data/ImgEdit_mask/textmask_replace_laion/00002_00007_000074539_0_sesame-seed-bun.png,"[896, 683]","[1741, 778]","[713, 556, 1926, 879]","{""height"": 1875, ""width"": 2500}",1024x768,1024x768
285,replace,metal railings,metal-railings,tail,1,images/replace/0285_replace_source.jpg,images/replace/0285_replace_condition.jpg,/scratch/peterwg/data/ImgEdit_mask/laion-aes/00008/00010/000102995.jpg,/scratch/peterwg/data/ImgEdit_mask/textmask_replace_laion/00008_00010_000102995_0_metal-railings.png,"[-133, 983]","[514, 1078]","[0, 734, 380, 1300]","{""height"": 1300, ""width"": 2000}",1024x665,1024x665
286,replace,white sports car,white-sports-car,tail,1,images/replace/0286_replace_source.jpg,images/replace/0286_replace_condition.jpg,/scratch/peterwg/data/ImgEdit_mask/laion-aes/00002/00038/000385090.jpg,/scratch/peterwg/data/ImgEdit_mask/textmask_replace_laion/00002_00038_000385090_0_white-sports-car.png,"[575, 642]","[1354, 737]","[53, 295, 1878, 1058]","{""height"": 1283, ""width"": 1920}",1024x684,1024x684
287,replace,pile,pile,tail,1,images/replace/0287_replace_source.jpg,images/replace/0287_replace_condition.jpg,/scratch/peterwg/data/ImgEdit_mask/laion-aes/00000/00010/000101666.jpg,/scratch/peterwg/data/ImgEdit_mask/textmask_replace_laion/00000_00010_000101666_0_pile.png,"[848, 631]","[1012, 726]","[383, 206, 1477, 1124]","{""height"": 1414, ""width"": 2121}",1024x682,1024x682
288,replace,white t shirts,white-t-shirts,tail,1,images/replace/0288_replace_source.jpg,images/replace/0288_replace_condition.jpg,/scratch/peterwg/data/ImgEdit_mask/laion-aes/00008/00032/000322955.jpg,/scratch/peterwg/data/ImgEdit_mask/textmask_replace_laion/00008_00032_000322955_1_white-t-shirts.png,"[3595, 1350]","[4257, 1445]","[3555, 829, 4297, 1940]","{""height"": 3072, ""width"": 4608}",1024x682,1024x682
289,replace,white birds,white-birds,tail,1,images/replace/0289_replace_source.jpg,images/replace/0289_replace_condition.jpg,/scratch/peterwg/data/ImgEdit_mask/laion-aes/00003/00011/000113292.jpg,/scratch/peterwg/data/ImgEdit_mask/textmask_replace_laion/00003_00011_000113292_0_white-birds.png,"[1148, 238]","[1580, 318]","[1243, 178, 1485, 354]","{""height"": 1357, ""width"": 1920}",1024x723,1024x723
290,replace,white metal shelves,white-metal-shelves,tail,1,images/replace/0290_replace_source.jpg,images/replace/0290_replace_condition.jpg,/scratch/peterwg/data/ImgEdit_mask/laion-aes/00006/00007/000074562.jpg,/scratch/peterwg/data/ImgEdit_mask/textmask_replace_laion/00006_00007_000074562_1_white-metal-shelves.png,"[1650, 870]","[2588, 965]","[164, 15, 4074, 1794]","{""height"": 2848, ""width"": 4272}",1024x682,1024x682
291,replace,khaki pants,khaki-pants,tail,1,images/replace/0291_replace_source.jpg,images/replace/0291_replace_condition.jpg,/scratch/peterwg/data/ImgEdit_mask/laion-aes/00006/00026/000269296.jpg,/scratch/peterwg/data/ImgEdit_mask/textmask_replace_laion/00006_00026_000269296_1_khaki-pants.png,"[2425, 1371]","[2976, 1466]","[2286, 818, 3116, 1992]","{""height"": 2400, ""width"": 3600}",1024x682,1024x682
292,replace,tall street lamps,tall-street-lamps,tail,1,images/replace/0292_replace_source.jpg,images/replace/0292_replace_condition.jpg,/scratch/peterwg/data/ImgEdit_mask/laion-aes/00005/00031/000316734.jpg,/scratch/peterwg/data/ImgEdit_mask/textmask_replace_laion/00005_00031_000316734_1_tall-street-lamps.png,"[574, 579]","[1365, 674]","[38, 2, 1903, 1224]","{""height"": 1440, ""width"": 1920}",1024x768,1024x768
293,replace,white beards,white-beards,tail,1,images/replace/0293_replace_source.jpg,images/replace/0293_replace_condition.jpg,/scratch/peterwg/data/ImgEdit_mask/laion-aes/00000/00008/000088085.jpg,/scratch/peterwg/data/ImgEdit_mask/textmask_replace_laion/00000_00008_000088085_0_white-beards.png,"[1437, 443]","[1762, 497]","[1506, 362, 1695, 563]","{""height"": 1365, ""width"": 2048}",1024x682,1024x682
294,replace,"short, bleached hair","short,-bleached-hair",tail,1,images/replace/0294_replace_source.jpg,images/replace/0294_replace_condition.jpg,/scratch/peterwg/data/ImgEdit_mask/laion-aes/00008/00021/000215641.jpg,"/scratch/peterwg/data/ImgEdit_mask/textmask_replace_laion/00008_00021_000215641_0_short,-bleached-hair.png","[1739, 472]","[2701, 567]","[1875, 59, 2566, 953]","{""height"": 3333, ""width"": 5000}",1024x682,1024x682
295,replace,tall snow covered mountains,tall-snow-covered-mountains,tail,1,images/replace/0295_replace_source.jpg,images/replace/0295_replace_condition.jpg,/scratch/peterwg/data/ImgEdit_mask/laion-aes/00002/00014/000146200.jpg,/scratch/peterwg/data/ImgEdit_mask/textmask_replace_laion/00002_00014_000146200_1_tall-snow-covered-mountains.png,"[-284, 605]","[1023, 695]","[0, 3, 739, 1271]","{""height"": 1280, ""width"": 1920}",1024x682,1024x682
296,replace,wooden desks,wooden-desks,tail,1,images/replace/0296_replace_source.jpg,images/replace/0296_replace_condition.jpg,/scratch/peterwg/data/ImgEdit_mask/laion-aes/00002/00014/000143835.jpg,/scratch/peterwg/data/ImgEdit_mask/textmask_replace_laion/00002_00014_000143835_0_wooden-desks.png,"[347, 923]","[1012, 1018]","[162, 831, 1199, 1084]","{""height"": 1536, ""width"": 2048}",1024x768,1024x768
297,replace,pair of blue and white checkered Vans shoes,pair-of-blue-and-white-checkered-Vans-shoes,tail,1,images/replace/0297_replace_source.jpg,images/replace/0297_replace_condition.jpg,/scratch/peterwg/data/ImgEdit_mask/laion-aes/00009/00000/000008512.jpg,/scratch/peterwg/data/ImgEdit_mask/textmask_replace_laion/00009_00000_000008512_0_pair-of-blue-and-white-checkered-Vans-shoes.png,"[588, 1524]","[2762, 1619]","[91, 925, 3260, 2191]","{""height"": 2448, ""width"": 3264}",1024x768,1024x768
298,replace,locker,locker,tail,1,images/replace/0298_replace_source.jpg,images/replace/0298_replace_condition.jpg,/scratch/peterwg/data/ImgEdit_mask/laion-aes/00009/00000/000005476.jpg,/scratch/peterwg/data/ImgEdit_mask/textmask_replace_laion/00009_00000_000005476_0_locker.png,"[2670, 1692]","[2954, 1787]","[442, 0, 5183, 3452]","{""height"": 3456, ""width"": 5184}",1024x682,1024x682
299,replace,velvet drapes,velvet-drapes,tail,1,images/replace/0299_replace_source.jpg,images/replace/0299_replace_condition.jpg,/scratch/peterwg/data/ImgEdit_mask/laion-aes/00000/00016/000168570.jpg,/scratch/peterwg/data/ImgEdit_mask/textmask_replace_laion/00000_00016_000168570_1_velvet-drapes.png,"[-71, 1016]","[247, 1066]","[0, 276, 177, 1792]","{""height"": 2667, ""width"": 4000}",1024x682,1024x682
300,replace,paw,paw,tail,1,images/replace/0300_replace_source.jpg,images/replace/0300_replace_condition.jpg,/scratch/peterwg/data/ImgEdit_mask/laion-aes/00008/00024/000242659.jpg,/scratch/peterwg/data/ImgEdit_mask/textmask_replace_laion/00008_00024_000242659_0_paw.png,"[98, 925]","[283, 1020]","[61, 836, 321, 1082]","{""height"": 1333, ""width"": 2000}",1024x682,1024x682
301,extract,a wooden pergola,a-wooden-pergola,head,5,images/extract/0301_extract_source.jpg,images/extract/0301_extract_condition.jpg,/scratch/peterwg/data/ImgEdit_mask/laion-aes/00001/00025/000252536.jpg,/scratch/peterwg/data/ImgEdit_mask/textmask_extract_ref/00001_00025_000252536_1_a-wooden-pergola.png,"[1233, 838]","[2084, 933]","[845, 293, 2474, 1451]","{""height"": 2268, ""width"": 3024}",1024x768,1024x768
302,extract,a blue van,a-blue-van,head,4,images/extract/0302_extract_source.jpg,images/extract/0302_extract_condition.jpg,/scratch/peterwg/data/ImgEdit_mask/laion-aes/00009/00002/000026377.jpg,/scratch/peterwg/data/ImgEdit_mask/textmask_extract_ref/00009_00002_000026377_1_a-blue-van.png,"[1256, 901]","[1768, 996]","[1026, 687, 1999, 1183]","{""height"": 1333, ""width"": 2000}",1024x682,1024x682
303,extract,hood,hood,head,4,images/extract/0303_extract_source.jpg,images/extract/0303_extract_condition.jpg,/scratch/peterwg/data/ImgEdit_mask/laion-aes/00002/00009/000090180.jpg,/scratch/peterwg/data/ImgEdit_mask/textmask_extract_ref/00002_00009_000090180_0_hood.png,"[457, 488]","[690, 583]","[75, 302, 1074, 742]","{""height"": 1500, ""width"": 2100}",1024x731,1024x731
304,extract,sleeves,sleeves,head,6,images/extract/0304_extract_source.jpg,images/extract/0304_extract_condition.jpg,/scratch/peterwg/data/ImgEdit_mask/laion-aes/00009/00008/000087578.jpg,/scratch/peterwg/data/ImgEdit_mask/textmask_extract_ref/00009_00008_000087578_0_sleeves.png,"[984, 1185]","[1291, 1272]","[1051, 913, 1226, 1520]","{""height"": 1667, ""width"": 2500}",1024x682,1024x682
305,extract,a metallic sculpture,a-metallic-sculpture,head,4,images/extract/0305_extract_source.jpg,images/extract/0305_extract_condition.jpg,/scratch/peterwg/data/ImgEdit_mask/laion-aes/00002/00009/000094010.jpg,/scratch/peterwg/data/ImgEdit_mask/textmask_extract_ref/00002_00009_000094010_1_a-metallic-sculpture.png,"[503, 781]","[1453, 876]","[128, 545, 1829, 1086]","{""height"": 1440, ""width"": 1920}",1024x768,1024x768
306,extract,convertible,convertible,head,4,images/extract/0306_extract_source.jpg,images/extract/0306_extract_condition.jpg,/scratch/peterwg/data/ImgEdit_mask/laion-aes/00001/00037/000372807.jpg,/scratch/peterwg/data/ImgEdit_mask/textmask_extract_ref/00001_00037_000372807_0_convertible.png,"[1430, 706]","[1939, 801]","[1450, 504, 1920, 977]","{""height"": 1280, ""width"": 1920}",1024x682,1024x682
307,extract,quilt,quilt,head,6,images/extract/0307_extract_source.jpg,images/extract/0307_extract_condition.jpg,/scratch/peterwg/data/ImgEdit_mask/laion-aes/00003/00020/000207780.jpg,/scratch/peterwg/data/ImgEdit_mask/textmask_extract_ref/00003_00020_000207780_0_quilt.png,"[898, 688]","[1101, 783]","[0, 2, 2000, 1442]","{""height"": 1447, ""width"": 2000}",1024x740,1024x740
308,extract,a wooden bowl,a-wooden-bowl,head,50,images/extract/0308_extract_source.jpg,images/extract/0308_extract_condition.jpg,/scratch/peterwg/data/ImgEdit_mask/laion-aes/00006/00025/000256584.jpg,/scratch/peterwg/data/ImgEdit_mask/textmask_extract_ref/00006_00025_000256584_1_a-wooden-bowl.png,"[1404, 1456]","[2114, 1551]","[1485, 1361, 2033, 1620]","{""height"": 2400, ""width"": 3616}",1024x679,1024x679
309,extract,women,women,head,39,images/extract/0309_extract_source.jpg,images/extract/0309_extract_condition.jpg,/scratch/peterwg/data/ImgEdit_mask/laion-aes/00009/00036/000364185.jpg,/scratch/peterwg/data/ImgEdit_mask/textmask_extract_ref/00009_00036_000364185_0_women.png,"[2091, 1252]","[2420, 1347]","[1433, 537, 3080, 2036]","{""height"": 2038, ""width"": 3200}",1024x652,1024x652
310,extract,a bronze vase,a-bronze-vase,head,3,images/extract/0310_extract_source.jpg,images/extract/0310_extract_condition.jpg,/scratch/peterwg/data/ImgEdit_mask/laion-aes/00008/00016/000162362.jpg,/scratch/peterwg/data/ImgEdit_mask/textmask_extract_ref/00008_00016_000162362_1_a-bronze-vase.png,"[801, 60]","[1484, 155]","[930, 0, 1356, 188]","{""height"": 1333, ""width"": 2000}",1024x682,1024x682
311,extract,a ceramic teapot,a-ceramic-teapot,head,3,images/extract/0311_extract_source.jpg,images/extract/0311_extract_condition.jpg,/scratch/peterwg/data/ImgEdit_mask/laion-aes/00004/00005/000053845.jpg,/scratch/peterwg/data/ImgEdit_mask/textmask_extract_ref/00004_00005_000053845_1_a-ceramic-teapot.png,"[1476, 105]","[2056, 173]","[1605, 0, 1927, 259]","{""height"": 1707, ""width"": 2560}",1024x682,1024x682
312,extract,a black leather cushion,a-black-leather-cushion,head,6,images/extract/0312_extract_source.jpg,images/extract/0312_extract_condition.jpg,/scratch/peterwg/data/ImgEdit_mask/laion-aes/00000/00002/000028991.jpg,/scratch/peterwg/data/ImgEdit_mask/textmask_extract_ref/00000_00002_000028991_1_a-black-leather-cushion.png,"[222, 356]","[676, 397]","[317, 317, 581, 425]","{""height"": 1280, ""width"": 1920}",1024x682,1024x682
313,extract,a white motorcycle,a-white-motorcycle,head,6,images/extract/0313_extract_source.jpg,images/extract/0313_extract_condition.jpg,/scratch/peterwg/data/ImgEdit_mask/laion-aes/00008/00007/000077339.jpg,/scratch/peterwg/data/ImgEdit_mask/textmask_extract_ref/00008_00007_000077339_1_a-white-motorcycle.png,"[421, 666]","[1329, 761]","[219, 279, 1531, 1122]","{""height"": 1280, ""width"": 1920}",1024x682,1024x682
314,extract,a blue backpack,a-blue-backpack,head,6,images/extract/0314_extract_source.jpg,images/extract/0314_extract_condition.jpg,/scratch/peterwg/data/ImgEdit_mask/laion-aes/00003/00033/000333835.jpg,/scratch/peterwg/data/ImgEdit_mask/textmask_extract_ref/00003_00033_000333835_1_a-blue-backpack.png,"[1003, 648]","[1295, 686]","[1062, 428, 1237, 896]","{""height"": 1565, ""width"": 2554}",1024x627,1024x627
315,extract,a brick building,a-brick-building,head,4,images/extract/0315_extract_source.jpg,images/extract/0315_extract_condition.jpg,/scratch/peterwg/data/ImgEdit_mask/laion-aes/00003/00011/000119089.jpg,/scratch/peterwg/data/ImgEdit_mask/textmask_extract_ref/00003_00011_000119089_1_a-brick-building.png,"[-103, 828]","[637, 923]","[0, 393, 535, 1332]","{""height"": 2000, ""width"": 3000}",1024x682,1024x682
316,extract,a wooden gazebo,a-wooden-gazebo,head,29,images/extract/0316_extract_source.jpg,images/extract/0316_extract_condition.jpg,/scratch/peterwg/data/ImgEdit_mask/laion-aes/00001/00006/000063748.jpg,/scratch/peterwg/data/ImgEdit_mask/textmask_extract_ref/00001_00006_000063748_1_a-wooden-gazebo.png,"[1237, 977]","[2076, 1072]","[279, 138, 3036, 1885]","{""height"": 2448, ""width"": 3264}",1024x768,1024x768
317,extract,hot tub,hot-tub,head,7,images/extract/0317_extract_source.jpg,images/extract/0317_extract_condition.jpg,/scratch/peterwg/data/ImgEdit_mask/laion-aes/00003/00025/000257278.jpg,/scratch/peterwg/data/ImgEdit_mask/textmask_extract_ref/00003_00025_000257278_0_hot-tub.png,"[1732, 1498]","[2085, 1593]","[15, 275, 3803, 2790]","{""height"": 3024, ""width"": 4032}",1024x768,1024x768
318,extract,a black roof,a-black-roof,head,5,images/extract/0318_extract_source.jpg,images/extract/0318_extract_condition.jpg,/scratch/peterwg/data/ImgEdit_mask/laion-aes/00003/00029/000291146.jpg,/scratch/peterwg/data/ImgEdit_mask/textmask_extract_ref/00003_00029_000291146_1_a-black-roof.png,"[675, 700]","[1265, 795]","[745, 647, 1196, 822]","{""height"": 1440, ""width"": 1920}",1024x768,1024x768
319,extract,a black sports coupe,a-black-sports-coupe,head,3,images/extract/0319_extract_source.jpg,images/extract/0319_extract_condition.jpg,/scratch/peterwg/data/ImgEdit_mask/laion-aes/00004/00000/000004522.jpg,/scratch/peterwg/data/ImgEdit_mask/textmask_extract_ref/00004_00000_000004522_1_a-black-sports-coupe.png,"[425, 575]","[1444, 670]","[87, 90, 1784, 1129]","{""height"": 1281, ""width"": 1920}",1024x683,1024x683
320,extract,a black treadmill,a-black-treadmill,head,3,images/extract/0320_extract_source.jpg,images/extract/0320_extract_condition.jpg,/scratch/peterwg/data/ImgEdit_mask/laion-aes/00003/00002/000021075.jpg,/scratch/peterwg/data/ImgEdit_mask/textmask_extract_ref/00003_00002_000021075_1_a-black-treadmill.png,"[2215, 1010]","[3021, 1105]","[2319, 530, 2918, 1559]","{""height"": 2448, ""width"": 3264}",1024x768,1024x768
321,extract,tablecloth,tablecloth,head,5,images/extract/0321_extract_source.jpg,images/extract/0321_extract_condition.jpg,/scratch/peterwg/data/ImgEdit_mask/laion-aes/00004/00012/000129335.jpg,/scratch/peterwg/data/ImgEdit_mask/textmask_extract_ref/00004_00012_000129335_0_tablecloth.png,"[1713, 1487]","[2174, 1582]","[0, 452, 3888, 2591]","{""height"": 2592, ""width"": 3888}",1024x682,1024x682
322,extract,a ceramic cup,a-ceramic-cup,head,10,images/extract/0322_extract_source.jpg,images/extract/0322_extract_condition.jpg,/scratch/peterwg/data/ImgEdit_mask/laion-aes/00008/00015/000159442.jpg,/scratch/peterwg/data/ImgEdit_mask/textmask_extract_ref/00008_00015_000159442_1_a-ceramic-cup.png,"[431, 202]","[1083, 292]","[574, 1, 941, 467]","{""height"": 1382, ""width"": 1890}",1024x748,1024x748
323,extract,illustrations,illustrations,head,3,images/extract/0323_extract_source.jpg,images/extract/0323_extract_condition.jpg,/scratch/peterwg/data/ImgEdit_mask/laion-aes/00000/00039/000399774.jpg,/scratch/peterwg/data/ImgEdit_mask/textmask_extract_ref/00000_00039_000399774_0_illustrations.png,"[153, 520]","[641, 607]","[261, 429, 533, 673]","{""height"": 1333, ""width"": 2000}",1024x682,1024x682
324,extract,a male dancer,a-male-dancer,head,4,images/extract/0324_extract_source.jpg,images/extract/0324_extract_condition.jpg,/scratch/peterwg/data/ImgEdit_mask/laion-aes/00004/00024/000241839.jpg,/scratch/peterwg/data/ImgEdit_mask/textmask_extract_ref/00004_00024_000241839_1_a-male-dancer.png,"[370, 862]","[1071, 957]","[0, 126, 1442, 1667]","{""height"": 1667, ""width"": 2500}",1024x682,1024x682
325,extract,greenery,greenery,head,4,images/extract/0325_extract_source.jpg,images/extract/0325_extract_condition.jpg,/scratch/peterwg/data/ImgEdit_mask/laion-aes/00005/00008/000087886.jpg,/scratch/peterwg/data/ImgEdit_mask/textmask_extract_ref/00005_00008_000087886_0_greenery.png,"[1032, 570]","[1439, 665]","[0, 0, 2473, 1208]","{""height"": 1871, ""width"": 2500}",1024x766,1024x766
326,extract,green apples,green-apples,head,3,images/extract/0326_extract_source.jpg,images/extract/0326_extract_condition.jpg,/scratch/peterwg/data/ImgEdit_mask/laion-aes/00003/00002/000020139.jpg,/scratch/peterwg/data/ImgEdit_mask/textmask_extract_ref/00003_00002_000020139_1_green-apples.png,"[1333, 403]","[1947, 498]","[1430, 209, 1850, 666]","{""height"": 1365, ""width"": 2048}",1024x682,1024x682
327,extract,a black baseball cap,a-black-baseball-cap,head,5,images/extract/0327_extract_source.jpg,images/extract/0327_extract_condition.jpg,/scratch/peterwg/data/ImgEdit_mask/laion-aes/00003/00038/000382279.jpg,/scratch/peterwg/data/ImgEdit_mask/textmask_extract_ref/00003_00038_000382279_1_a-black-baseball-cap.png,"[511, 178]","[1410, 265]","[710, 26, 1213, 392]","{""height"": 1365, ""width"": 2048}",1024x682,1024x682
328,extract,a metal robot,a-metal-robot,head,7,images/extract/0328_extract_source.jpg,images/extract/0328_extract_condition.jpg,/scratch/peterwg/data/ImgEdit_mask/laion-aes/00008/00011/000117388.jpg,/scratch/peterwg/data/ImgEdit_mask/textmask_extract_ref/00008_00011_000117388_1_a-metal-robot.png,"[727, 548]","[1392, 643]","[750, 2, 1371, 1163]","{""height"": 1414, ""width"": 2121}",1024x682,1024x682
329,extract,a denim jacket,a-denim-jacket,head,3,images/extract/0329_extract_source.jpg,images/extract/0329_extract_condition.jpg,/scratch/peterwg/data/ImgEdit_mask/laion-aes/00007/00011/000117700.jpg,/scratch/peterwg/data/ImgEdit_mask/textmask_extract_ref/00007_00011_000117700_1_a-denim-jacket.png,"[1157, 705]","[1879, 800]","[985, 63, 2052, 1415]","{""height"": 1416, ""width"": 2125}",1024x682,1024x682
330,extract,a brown horse,a-brown-horse,head,21,images/extract/0330_extract_source.jpg,images/extract/0330_extract_condition.jpg,/scratch/peterwg/data/ImgEdit_mask/laion-aes/00007/00025/000250914.jpg,/scratch/peterwg/data/ImgEdit_mask/textmask_extract_ref/00007_00025_000250914_1_a-brown-horse.png,"[2019, 1416]","[2711, 1511]","[1841, 503, 2889, 2398]","{""height"": 2832, ""width"": 4161}",1024x696,1024x696
331,extract,a wooden bookshelf,a-wooden-bookshelf,head,27,images/extract/0331_extract_source.jpg,images/extract/0331_extract_condition.jpg,/scratch/peterwg/data/ImgEdit_mask/laion-aes/00002/00003/000031318.jpg,/scratch/peterwg/data/ImgEdit_mask/textmask_extract_ref/00002_00003_000031318_1_a-wooden-bookshelf.png,"[864, 1134]","[1814, 1229]","[735, 799, 1943, 1537]","{""height"": 3016, ""width"": 4000}",1024x772,1024x772
332,extract,a metal vase,a-metal-vase,head,3,images/extract/0332_extract_source.jpg,images/extract/0332_extract_condition.jpg,/scratch/peterwg/data/ImgEdit_mask/laion-aes/00000/00018/000189335.jpg,/scratch/peterwg/data/ImgEdit_mask/textmask_extract_ref/00000_00018_000189335_1_a-metal-vase.png,"[644, 604]","[1273, 699]","[0, 0, 1919, 1276]","{""height"": 1280, ""width"": 1920}",1024x682,1024x682
333,extract,interior,interior,head,4,images/extract/0333_extract_source.jpg,images/extract/0333_extract_condition.jpg,/scratch/peterwg/data/ImgEdit_mask/laion-aes/00004/00029/000296718.jpg,/scratch/peterwg/data/ImgEdit_mask/textmask_extract_ref/00004_00029_000296718_0_interior.png,"[799, 587]","[1134, 682]","[17, 5, 1918, 1238]","{""height"": 1280, ""width"": 1920}",1024x682,1024x682
334,extract,bench,bench,head,7,images/extract/0334_extract_source.jpg,images/extract/0334_extract_condition.jpg,/scratch/peterwg/data/ImgEdit_mask/laion-aes/00000/00021/000217282.jpg,/scratch/peterwg/data/ImgEdit_mask/textmask_extract_ref/00000_00021_000217282_0_bench.png,"[1928, 2002]","[2212, 2097]","[149, 1079, 3992, 2993]","{""height"": 3000, ""width"": 4000}",1024x768,1024x768
335,extract,a red wagon,a-red-wagon,head,3,images/extract/0335_extract_source.jpg,images/extract/0335_extract_condition.jpg,/scratch/peterwg/data/ImgEdit_mask/laion-aes/00004/00011/000114523.jpg,/scratch/peterwg/data/ImgEdit_mask/textmask_extract_ref/00004_00011_000114523_1_a-red-wagon.png,"[635, 721]","[1237, 816]","[38, 10, 1834, 1501]","{""height"": 1562, ""width"": 1920}",1024x833,1024x833
336,extract,camper van,camper-van,head,6,images/extract/0336_extract_source.jpg,images/extract/0336_extract_condition.jpg,/scratch/peterwg/data/ImgEdit_mask/laion-aes/00001/00020/000200247.jpg,/scratch/peterwg/data/ImgEdit_mask/textmask_extract_ref/00001_00020_000200247_0_camper-van.png,"[665, 864]","[1231, 959]","[20, 410, 1877, 1387]","{""height"": 1667, ""width"": 2500}",1024x682,1024x682
337,extract,an adult woman,an-adult-woman,head,4,images/extract/0337_extract_source.jpg,images/extract/0337_extract_condition.jpg,/scratch/peterwg/data/ImgEdit_mask/laion-aes/00003/00031/000319546.jpg,/scratch/peterwg/data/ImgEdit_mask/textmask_extract_ref/00003_00031_000319546_1_an-adult-woman.png,"[1686, 1060]","[2305, 1137]","[1818, 664, 2175, 1511]","{""height"": 1728, ""width"": 2592}",1024x682,1024x682
338,extract,alloy wheels,alloy-wheels,head,5,images/extract/0338_extract_source.jpg,images/extract/0338_extract_condition.jpg,/scratch/peterwg/data/ImgEdit_mask/laion-aes/00003/00040/000400163.jpg,/scratch/peterwg/data/ImgEdit_mask/textmask_extract_ref/00003_00040_000400163_1_alloy-wheels.png,"[444, 853]","[1013, 948]","[518, 711, 940, 1063]","{""height"": 1280, ""width"": 1920}",1024x682,1024x682
339,extract,wooden mannequins,wooden-mannequins,head,3,images/extract/0339_extract_source.jpg,images/extract/0339_extract_condition.jpg,/scratch/peterwg/data/ImgEdit_mask/laion-aes/00009/00007/000079231.jpg,/scratch/peterwg/data/ImgEdit_mask/textmask_extract_ref/00009_00007_000079231_1_wooden-mannequins.png,"[3137, 2809]","[4099, 2904]","[3027, 1941, 4209, 3745]","{""height"": 4003, ""width"": 5996}",1023x683,1023x683
340,extract,a red tractor,a-red-tractor,head,20,images/extract/0340_extract_source.jpg,images/extract/0340_extract_condition.jpg,/scratch/peterwg/data/ImgEdit_mask/laion-aes/00003/00026/000266555.jpg,/scratch/peterwg/data/ImgEdit_mask/textmask_extract_ref/00003_00026_000266555_1_a-red-tractor.png,"[2389, 982]","[3015, 1077]","[878, 240, 4527, 1793]","{""height"": 3016, ""width"": 4528}",1024x682,1024x682
341,extract,a tall lamp,a-tall-lamp,mid,2,images/extract/0341_extract_source.jpg,images/extract/0341_extract_condition.jpg,/scratch/peterwg/data/ImgEdit_mask/laion-aes/00007/00019/000190236.jpg,/scratch/peterwg/data/ImgEdit_mask/textmask_extract_ref/00007_00019_000190236_1_a-tall-lamp.png,"[1350, 754]","[1877, 849]","[1373, 280, 1855, 1297]","{""height"": 1308, ""width"": 2000}",1024x669,1024x669
342,extract,black rubber tracks,black-rubber-tracks,mid,1,images/extract/0342_extract_source.jpg,images/extract/0342_extract_condition.jpg,/scratch/peterwg/data/ImgEdit_mask/laion-aes/00003/00012/000126027.jpg,/scratch/peterwg/data/ImgEdit_mask/textmask_extract_ref/00003_00012_000126027_1_black-rubber-tracks.png,"[474, 1030]","[851, 1071]","[553, 881, 774, 1209]","{""height"": 1669, ""width"": 2500}",1024x683,1024x683
343,extract,tree trunk,tree-trunk,mid,2,images/extract/0343_extract_source.jpg,images/extract/0343_extract_condition.jpg,/scratch/peterwg/data/ImgEdit_mask/laion-aes/00006/00025/000257929.jpg,/scratch/peterwg/data/ImgEdit_mask/textmask_extract_ref/00006_00025_000257929_0_tree-trunk.png,"[116, 422]","[592, 517]","[181, 2, 528, 910]","{""height"": 1440, ""width"": 1920}",1024x768,1024x768
344,extract,a brick fence,a-brick-fence,mid,1,images/extract/0344_extract_source.jpg,images/extract/0344_extract_condition.jpg,/scratch/peterwg/data/ImgEdit_mask/laion-aes/00005/00010/000103097.jpg,/scratch/peterwg/data/ImgEdit_mask/textmask_extract_ref/00005_00010_000103097_1_a-brick-fence.png,"[446, 998]","[1084, 1093]","[107, 497, 1424, 1567]","{""height"": 2153, ""width"": 3840}",1024x574,1024x574
345,extract,a ceramic pot,a-ceramic-pot,mid,1,images/extract/0345_extract_source.jpg,images/extract/0345_extract_condition.jpg,/scratch/peterwg/data/ImgEdit_mask/laion-aes/00000/00007/000077602.jpg,/scratch/peterwg/data/ImgEdit_mask/textmask_extract_ref/00000_00007_000077602_1_a-ceramic-pot.png,"[-47, 1897]","[633, 1992]","[0, 1575, 587, 2288]","{""height"": 2604, ""width"": 3472}",1024x768,1024x768
346,extract,a wooden toy truck,a-wooden-toy-truck,mid,1,images/extract/0346_extract_source.jpg,images/extract/0346_extract_condition.jpg,/scratch/peterwg/data/ImgEdit_mask/laion-aes/00008/00035/000359749.jpg,/scratch/peterwg/data/ImgEdit_mask/textmask_extract_ref/00008_00035_000359749_1_a-wooden-toy-truck.png,"[493, 1382]","[1425, 1477]","[0, 859, 1918, 1973]","{""height"": 1978, ""width"": 3020}",1024x670,1024x670
347,extract,green beans,green-beans,mid,1,images/extract/0347_extract_source.jpg,images/extract/0347_extract_condition.jpg,/scratch/peterwg/data/ImgEdit_mask/laion-aes/00002/00007/000075223.jpg,/scratch/peterwg/data/ImgEdit_mask/textmask_extract_ref/00002_00007_000075223_0_green-beans.png,"[744, 1854]","[1334, 1949]","[816, 1732, 1263, 2044]","{""height"": 3024, ""width"": 4032}",1024x768,1024x768
348,extract,a blue trampoline,a-blue-trampoline,mid,1,images/extract/0348_extract_source.jpg,images/extract/0348_extract_condition.jpg,/scratch/peterwg/data/ImgEdit_mask/laion-aes/00001/00030/000303527.jpg,/scratch/peterwg/data/ImgEdit_mask/textmask_extract_ref/00001_00030_000303527_1_a-blue-trampoline.png,"[1194, 1504]","[2039, 1599]","[101, 1062, 3133, 2015]","{""height"": 2448, ""width"": 3264}",1024x768,1024x768
349,extract,a dark brown tree branch,a-dark-brown-tree-branch,mid,1,images/extract/0349_extract_source.jpg,images/extract/0349_extract_condition.jpg,/scratch/peterwg/data/ImgEdit_mask/laion-aes/00000/00028/000285335.jpg,/scratch/peterwg/data/ImgEdit_mask/textmask_extract_ref/00000_00028_000285335_1_a-dark-brown-tree-branch.png,"[860, 1205]","[1523, 1259]","[1000, 1041, 1384, 1407]","{""height"": 1409, ""width"": 2128}",1024x678,1024x678
350,extract,a single attendee,a-single-attendee,mid,1,images/extract/0350_extract_source.jpg,images/extract/0350_extract_condition.jpg,/scratch/peterwg/data/ImgEdit_mask/laion-aes/00004/00007/000071920.jpg,/scratch/peterwg/data/ImgEdit_mask/textmask_extract_ref/00004_00007_000071920_1_a-single-attendee.png,"[16, 425]","[213, 452]","[58, 218, 173, 652]","{""height"": 1365, ""width"": 2048}",1024x682,1024x682
351,extract,a modern bridge,a-modern-bridge,mid,1,images/extract/0351_extract_source.jpg,images/extract/0351_extract_condition.jpg,/scratch/peterwg/data/ImgEdit_mask/laion-aes/00009/00025/000259196.jpg,/scratch/peterwg/data/ImgEdit_mask/textmask_extract_ref/00009_00025_000259196_1_a-modern-bridge.png,"[880, 407]","[1680, 502]","[0, 5, 2560, 877]","{""height"": 1600, ""width"": 2560}",1024x640,1024x640
352,extract,animal skull,animal-skull,mid,1,images/extract/0352_extract_source.jpg,images/extract/0352_extract_condition.jpg,/scratch/peterwg/data/ImgEdit_mask/laion-aes/00002/00007/000078538.jpg,/scratch/peterwg/data/ImgEdit_mask/textmask_extract_ref/00002_00007_000078538_0_animal-skull.png,"[1196, 1359]","[1765, 1454]","[1220, 995, 1742, 1791]","{""height"": 2000, ""width"": 3000}",1024x682,1024x682
353,extract,bronze rims,bronze-rims,mid,1,images/extract/0353_extract_source.jpg,images/extract/0353_extract_condition.jpg,/scratch/peterwg/data/ImgEdit_mask/laion-aes/00000/00028/000280213.jpg,/scratch/peterwg/data/ImgEdit_mask/textmask_extract_ref/00000_00028_000280213_1_bronze-rims.png,"[890, 823]","[1462, 918]","[1014, 633, 1338, 1081]","{""height"": 1280, ""width"": 1920}",1024x682,1024x682
354,extract,a matte black toolbox,a-matte-black-toolbox,mid,2,images/extract/0354_extract_source.jpg,images/extract/0354_extract_condition.jpg,/scratch/peterwg/data/ImgEdit_mask/laion-aes/00004/00039/000394227.jpg,/scratch/peterwg/data/ImgEdit_mask/textmask_extract_ref/00004_00039_000394227_1_a-matte-black-toolbox.png,"[517, 471]","[1543, 564]","[743, 376, 1317, 632]","{""height"": 1667, ""width"": 2500}",1024x682,1024x682
355,extract,swing,swing,mid,2,images/extract/0355_extract_source.jpg,images/extract/0355_extract_condition.jpg,/scratch/peterwg/data/ImgEdit_mask/laion-aes/00001/00023/000230849.jpg,/scratch/peterwg/data/ImgEdit_mask/textmask_extract_ref/00001_00023_000230849_0_swing.png,"[1285, 779]","[1545, 874]","[786, 209, 2044, 1418]","{""height"": 1418, ""width"": 2115}",1024x686,1024x686
356,extract,convertibles,convertibles,mid,1,images/extract/0356_extract_source.jpg,images/extract/0356_extract_condition.jpg,/scratch/peterwg/data/ImgEdit_mask/laion-aes/00000/00024/000242726.jpg,/scratch/peterwg/data/ImgEdit_mask/textmask_extract_ref/00000_00024_000242726_0_convertibles.png,"[1737, 1239]","[2297, 1334]","[196, 489, 3838, 2058]","{""height"": 2058, ""width"": 3840}",1024x548,1024x548
357,extract,a male student,a-male-student,mid,1,images/extract/0357_extract_source.jpg,images/extract/0357_extract_condition.jpg,/scratch/peterwg/data/ImgEdit_mask/laion-aes/00004/00012/000129956.jpg,/scratch/peterwg/data/ImgEdit_mask/textmask_extract_ref/00004_00012_000129956_1_a-male-student.png,"[550, 772]","[1281, 867]","[659, 399, 1174, 1213]","{""height"": 1536, ""width"": 2048}",1024x768,1024x768
358,extract,a bamboo stalk,a-bamboo-stalk,mid,1,images/extract/0358_extract_source.jpg,images/extract/0358_extract_condition.jpg,/scratch/peterwg/data/ImgEdit_mask/laion-aes/00005/00016/000168879.jpg,/scratch/peterwg/data/ImgEdit_mask/textmask_extract_ref/00005_00016_000168879_1_a-bamboo-stalk.png,"[690, 955]","[1392, 1045]","[844, 632, 1239, 1343]","{""height"": 1365, ""width"": 2048}",1024x682,1024x682
359,extract,a bulletin board,a-bulletin-board,mid,1,images/extract/0359_extract_source.jpg,images/extract/0359_extract_condition.jpg,/scratch/peterwg/data/ImgEdit_mask/laion-aes/00000/00015/000157519.jpg,/scratch/peterwg/data/ImgEdit_mask/textmask_extract_ref/00000_00015_000157519_1_a-bulletin-board.png,"[870, 586]","[1402, 654]","[986, 483, 1286, 738]","{""height"": 1597, ""width"": 2400}",1024x681,1024x681
360,extract,a black camera bag,a-black-camera-bag,mid,1,images/extract/0360_extract_source.jpg,images/extract/0360_extract_condition.jpg,/scratch/peterwg/data/ImgEdit_mask/laion-aes/00005/00026/000268982.jpg,/scratch/peterwg/data/ImgEdit_mask/textmask_extract_ref/00005_00026_000268982_1_a-black-camera-bag.png,"[985, 827]","[1409, 871]","[1075, 678, 1320, 1008]","{""height"": 1667, ""width"": 2500}",1024x682,1024x682
361,extract,a beige cloth,a-beige-cloth,mid,1,images/extract/0361_extract_source.jpg,images/extract/0361_extract_condition.jpg,/scratch/peterwg/data/ImgEdit_mask/laion-aes/00005/00028/000286410.jpg,/scratch/peterwg/data/ImgEdit_mask/textmask_extract_ref/00005_00028_000286410_1_a-beige-cloth.png,"[2195, 2491]","[2827, 2586]","[2010, 2350, 3012, 2700]","{""height"": 3041, ""width"": 5385}",1024x578,1024x578
362,extract,a yellow seashell,a-yellow-seashell,mid,1,images/extract/0362_extract_source.jpg,images/extract/0362_extract_condition.jpg,/scratch/peterwg/data/ImgEdit_mask/laion-aes/00007/00039/000393743.jpg,/scratch/peterwg/data/ImgEdit_mask/textmask_extract_ref/00007_00039_000393743_1_a-yellow-seashell.png,"[779, 595]","[1476, 679]","[934, 382, 1322, 869]","{""height"": 1336, ""width"": 2000}",1024x684,1024x684
363,extract,roasted carrots,roasted-carrots,mid,2,images/extract/0363_extract_source.jpg,images/extract/0363_extract_condition.jpg,/scratch/peterwg/data/ImgEdit_mask/laion-aes/00005/00036/000362365.jpg,/scratch/peterwg/data/ImgEdit_mask/textmask_extract_ref/00005_00036_000362365_1_roasted-carrots.png,"[199, 1080]","[765, 1154]","[324, 920, 640, 1293]","{""height"": 2000, ""width"": 3000}",1024x682,1024x682
364,extract,resort,resort,mid,2,images/extract/0364_extract_source.jpg,images/extract/0364_extract_condition.jpg,/scratch/peterwg/data/ImgEdit_mask/laion-aes/00003/00017/000174538.jpg,/scratch/peterwg/data/ImgEdit_mask/textmask_extract_ref/00003_00017_000174538_0_resort.png,"[1242, 1174]","[1523, 1269]","[1, 696, 2766, 1720]","{""height"": 1720, ""width"": 2768}",1024x636,1024x636
365,extract,a white yacht,a-white-yacht,mid,2,images/extract/0365_extract_source.jpg,images/extract/0365_extract_condition.jpg,/scratch/peterwg/data/ImgEdit_mask/laion-aes/00001/00018/000188088.jpg,/scratch/peterwg/data/ImgEdit_mask/textmask_extract_ref/00001_00018_000188088_1_a-white-yacht.png,"[1660, 1473]","[2307, 1568]","[255, 491, 3714, 2524]","{""height"": 3024, ""width"": 4032}",1024x768,1024x768
366,extract,a white minivan,a-white-minivan,mid,1,images/extract/0366_extract_source.jpg,images/extract/0366_extract_condition.jpg,/scratch/peterwg/data/ImgEdit_mask/laion-aes/00002/00021/000211826.jpg,/scratch/peterwg/data/ImgEdit_mask/textmask_extract_ref/00002_00021_000211826_1_a-white-minivan.png,"[2158, 1941]","[2910, 2036]","[362, 990, 4707, 2961]","{""height"": 3168, ""width"": 4752}",1024x682,1024x682
367,extract,a sports motorcycle,a-sports-motorcycle,mid,1,images/extract/0367_extract_source.jpg,images/extract/0367_extract_condition.jpg,/scratch/peterwg/data/ImgEdit_mask/laion-aes/00007/00026/000265487.jpg,/scratch/peterwg/data/ImgEdit_mask/textmask_extract_ref/00007_00026_000265487_1_a-sports-motorcycle.png,"[461, 704]","[1423, 799]","[6, 199, 1878, 1277]","{""height"": 1280, ""width"": 1920}",1024x682,1024x682
368,extract,banana flower,banana-flower,mid,1,images/extract/0368_extract_source.jpg,images/extract/0368_extract_condition.jpg,/scratch/peterwg/data/ImgEdit_mask/laion-aes/00009/00015/000153032.jpg,/scratch/peterwg/data/ImgEdit_mask/textmask_extract_ref/00009_00015_000153032_0_banana-flower.png,"[571, 564]","[1242, 659]","[320, 48, 1495, 1149]","{""height"": 1280, ""width"": 1920}",1024x682,1024x682
369,extract,a rocky hill,a-rocky-hill,mid,2,images/extract/0369_extract_source.jpg,images/extract/0369_extract_condition.jpg,/scratch/peterwg/data/ImgEdit_mask/laion-aes/00007/00004/000042754.jpg,/scratch/peterwg/data/ImgEdit_mask/textmask_extract_ref/00007_00004_000042754_1_a-rocky-hill.png,"[2185, 944]","[2721, 1039]","[1710, 67, 3197, 1890]","{""height"": 2625, ""width"": 3200}",1024x840,1024x840
370,extract,beige rooftop tent,beige-rooftop-tent,mid,1,images/extract/0370_extract_source.jpg,images/extract/0370_extract_condition.jpg,/scratch/peterwg/data/ImgEdit_mask/laion-aes/00003/00011/000115986.jpg,/scratch/peterwg/data/ImgEdit_mask/textmask_extract_ref/00003_00011_000115986_0_beige-rooftop-tent.png,"[400, 601]","[1269, 696]","[60, 34, 1611, 1237]","{""height"": 1280, ""width"": 1920}",1024x682,1024x682
371,extract,marble statues,marble-statues,tail,1,images/extract/0371_extract_source.jpg,images/extract/0371_extract_condition.jpg,/scratch/peterwg/data/ImgEdit_mask/laion-aes/00009/00010/000102777.jpg,/scratch/peterwg/data/ImgEdit_mask/textmask_extract_ref/00009_00010_000102777_1_marble-statues.png,"[497, 871]","[1213, 966]","[467, 373, 1244, 1438]","{""height"": 1440, ""width"": 2560}",1024x576,1024x576
372,extract,spigots,spigots,tail,1,images/extract/0372_extract_source.jpg,images/extract/0372_extract_condition.jpg,/scratch/peterwg/data/ImgEdit_mask/laion-aes/00008/00012/000126337.jpg,/scratch/peterwg/data/ImgEdit_mask/textmask_extract_ref/00008_00012_000126337_0_spigots.png,"[500, 1067]","[838, 1162]","[570, 959, 768, 1244]","{""height"": 1536, ""width"": 2706}",1024x581,1024x581
373,extract,white flower arrangements,white-flower-arrangements,tail,1,images/extract/0373_extract_source.jpg,images/extract/0373_extract_condition.jpg,/scratch/peterwg/data/ImgEdit_mask/laion-aes/00008/00033/000334610.jpg,/scratch/peterwg/data/ImgEdit_mask/textmask_extract_ref/00008_00033_000334610_1_white-flower-arrangements.png,"[1606, 1010]","[2868, 1105]","[1806, 207, 2669, 1881]","{""height"": 2112, ""width"": 3000}",1024x720,1024x720
374,extract,square fabric pieces,square-fabric-pieces,tail,1,images/extract/0374_extract_source.jpg,images/extract/0374_extract_condition.jpg,/scratch/peterwg/data/ImgEdit_mask/laion-aes/00004/00028/000284719.jpg,/scratch/peterwg/data/ImgEdit_mask/textmask_extract_ref/00004_00028_000284719_0_square-fabric-pieces.png,"[749, 959]","[1726, 1054]","[43, 41, 2433, 1946]","{""height"": 1984, ""width"": 2478}",1024x819,1024x819
375,extract,ties,ties,tail,1,images/extract/0375_extract_source.jpg,images/extract/0375_extract_condition.jpg,/scratch/peterwg/data/ImgEdit_mask/laion-aes/00009/00029/000290155.jpg,/scratch/peterwg/data/ImgEdit_mask/textmask_extract_ref/00009_00029_000290155_0_ties.png,"[696, 1430]","[866, 1525]","[714, 1243, 848, 1685]","{""height"": 1693, ""width"": 2538}",1024x683,1024x683
376,extract,wood,wood,tail,1,images/extract/0376_extract_source.jpg,images/extract/0376_extract_condition.jpg,/scratch/peterwg/data/ImgEdit_mask/laion-aes/00002/00024/000248102.jpg,/scratch/peterwg/data/ImgEdit_mask/textmask_extract_ref/00002_00024_000248102_0_wood.png,"[1862, 1473]","[2104, 1568]","[4, 34, 3962, 2980]","{""height"": 3000, ""width"": 4000}",1024x768,1024x768
377,extract,pen,pen,tail,1,images/extract/0377_extract_source.jpg,images/extract/0377_extract_condition.jpg,/scratch/peterwg/data/ImgEdit_mask/laion-aes/00006/00028/000286974.jpg,/scratch/peterwg/data/ImgEdit_mask/textmask_extract_ref/00006_00028_000286974_0_pen.png,"[252, 870]","[425, 965]","[0, 559, 678, 1250]","{""height"": 1440, ""width"": 2174}",1024x678,1024x678
378,extract,mother,mother,tail,1,images/extract/0378_extract_source.jpg,images/extract/0378_extract_condition.jpg,/scratch/peterwg/data/ImgEdit_mask/laion-aes/00000/00000/000001603.jpg,/scratch/peterwg/data/ImgEdit_mask/textmask_extract_ref/00000_00000_000001603_0_mother.png,"[1827, 1055]","[2165, 1150]","[1820, 602, 2172, 1577]","{""height"": 2024, ""width"": 2560}",1024x809,1024x809
379,extract,lounge chair,lounge-chair,tail,1,images/extract/0379_extract_source.jpg,images/extract/0379_extract_condition.jpg,/scratch/peterwg/data/ImgEdit_mask/laion-aes/00007/00003/000032913.jpg,/scratch/peterwg/data/ImgEdit_mask/textmask_extract_ref/00007_00003_000032913_0_lounge-chair.png,"[9, 493]","[599, 588]","[92, 370, 517, 685]","{""height"": 1334, ""width"": 2000}",1024x683,1024x683
380,extract,skirts,skirts,tail,1,images/extract/0380_extract_source.jpg,images/extract/0380_extract_condition.jpg,/scratch/peterwg/data/ImgEdit_mask/laion-aes/00003/00010/000105963.jpg,/scratch/peterwg/data/ImgEdit_mask/textmask_extract_ref/00003_00010_000105963_0_skirts.png,"[1861, 1312]","[2118, 1407]","[1892, 1178, 2088, 1515]","{""height"": 1707, ""width"": 2560}",1024x682,1024x682
381,extract,porcelain bowls,porcelain-bowls,tail,1,images/extract/0381_extract_source.jpg,images/extract/0381_extract_condition.jpg,/scratch/peterwg/data/ImgEdit_mask/laion-aes/00000/00027/000270940.jpg,/scratch/peterwg/data/ImgEdit_mask/textmask_extract_ref/00000_00027_000270940_1_porcelain-bowls.png,"[1128, 25]","[1859, 120]","[1281, 0, 1708, 118]","{""height"": 1875, ""width"": 2500}",1024x768,1024x768
382,extract,shrimp,shrimp,tail,1,images/extract/0382_extract_source.jpg,images/extract/0382_extract_condition.jpg,/scratch/peterwg/data/ImgEdit_mask/laion-aes/00002/00004/000047424.jpg,/scratch/peterwg/data/ImgEdit_mask/textmask_extract_ref/00002_00004_000047424_0_shrimp.png,"[4443, 2436]","[4766, 2531]","[4001, 1816, 5210, 3125]","{""height"": 4480, ""width"": 6720}",1024x682,1024x682
383,extract,planks,planks,tail,1,images/extract/0383_extract_source.jpg,images/extract/0383_extract_condition.jpg,/scratch/peterwg/data/ImgEdit_mask/laion-aes/00001/00003/000036688.jpg,/scratch/peterwg/data/ImgEdit_mask/textmask_extract_ref/00001_00003_000036688_0_planks.png,"[1334, 1462]","[1636, 1557]","[987, 1068, 1984, 1924]","{""height"": 2008, ""width"": 3008}",1024x683,1024x683
384,extract,Lamborghini sports car,Lamborghini-sports-car,tail,1,images/extract/0384_extract_source.jpg,images/extract/0384_extract_condition.jpg,/scratch/peterwg/data/ImgEdit_mask/laion-aes/00008/00037/000374145.jpg,/scratch/peterwg/data/ImgEdit_mask/textmask_extract_ref/00008_00037_000374145_0_Lamborghini-sports-car.png,"[506, 698]","[1618, 793]","[215, 94, 1910, 1370]","{""height"": 1472, ""width"": 2210}",1024x682,1024x682
385,extract,wicker cart,wicker-cart,tail,1,images/extract/0385_extract_source.jpg,images/extract/0385_extract_condition.jpg,/scratch/peterwg/data/ImgEdit_mask/laion-aes/00007/00000/000003033.jpg,/scratch/peterwg/data/ImgEdit_mask/textmask_extract_ref/00007_00000_000003033_0_wicker-cart.png,"[328, 605]","[855, 700]","[119, 162, 1065, 1117]","{""height"": 1281, ""width"": 1600}",1024x819,1024x819
386,extract,tracksuit jacket,tracksuit-jacket,tail,1,images/extract/0386_extract_source.jpg,images/extract/0386_extract_condition.jpg,/scratch/peterwg/data/ImgEdit_mask/laion-aes/00005/00014/000140094.jpg,/scratch/peterwg/data/ImgEdit_mask/textmask_extract_ref/00005_00014_000140094_0_tracksuit-jacket.png,"[1220, 1115]","[1960, 1210]","[716, 180, 2465, 2119]","{""height"": 2250, ""width"": 3000}",1024x768,1024x768
387,extract,train cars,train-cars,tail,1,images/extract/0387_extract_source.jpg,images/extract/0387_extract_condition.jpg,/scratch/peterwg/data/ImgEdit_mask/laion-aes/00008/00035/000359749.jpg,/scratch/peterwg/data/ImgEdit_mask/textmask_extract_ref/00008_00035_000359749_0_train-cars.png,"[725, 1382]","[1192, 1477]","[0, 859, 1918, 1973]","{""height"": 1978, ""width"": 3020}",1024x670,1024x670
388,extract,Spirit of Ecstasy mascot,Spirit-of-Ecstasy-mascot,tail,1,images/extract/0388_extract_source.jpg,images/extract/0388_extract_condition.jpg,/scratch/peterwg/data/ImgEdit_mask/laion-aes/00003/00014/000144159.jpg,/scratch/peterwg/data/ImgEdit_mask/textmask_extract_ref/00003_00014_000144159_0_Spirit-of-Ecstasy-mascot.png,"[741, 442]","[1256, 486]","[850, 266, 1148, 650]","{""height"": 1356, ""width"": 2000}",1024x694,1024x694
389,extract,stream,stream,tail,1,images/extract/0389_extract_source.jpg,images/extract/0389_extract_condition.jpg,/scratch/peterwg/data/ImgEdit_mask/laion-aes/00001/00005/000055442.jpg,/scratch/peterwg/data/ImgEdit_mask/textmask_extract_ref/00001_00005_000055442_0_stream.png,"[1337, 1194]","[1669, 1289]","[0, 469, 3006, 1988]","{""height"": 2000, ""width"": 3008}",1024x680,1024x680
390,extract,seating,seating,tail,1,images/extract/0390_extract_source.jpg,images/extract/0390_extract_condition.jpg,/scratch/peterwg/data/ImgEdit_mask/laion-aes/00006/00004/000041775.jpg,/scratch/peterwg/data/ImgEdit_mask/textmask_extract_ref/00006_00004_000041775_0_seating.png,"[1389, 761]","[1730, 856]","[1201, 196, 1920, 1395]","{""height"": 1440, ""width"": 1920}",1024x768,1024x768
391,extract,sports bra,sports-bra,tail,1,images/extract/0391_extract_source.jpg,images/extract/0391_extract_condition.jpg,/scratch/peterwg/data/ImgEdit_mask/laion-aes/00009/00015/000150268.jpg,/scratch/peterwg/data/ImgEdit_mask/textmask_extract_ref/00009_00015_000150268_0_sports-bra.png,"[250, 759]","[665, 839]","[343, 606, 574, 968]","{""height"": 1500, ""width"": 2250}",1024x682,1024x682
392,extract,reindeer,reindeer,tail,1,images/extract/0392_extract_source.jpg,images/extract/0392_extract_condition.jpg,/scratch/peterwg/data/ImgEdit_mask/laion-aes/00007/00025/000250914.jpg,/scratch/peterwg/data/ImgEdit_mask/textmask_extract_ref/00007_00025_000250914_0_reindeer.png,"[2173, 1416]","[2556, 1511]","[1841, 503, 2889, 2398]","{""height"": 2832, ""width"": 4161}",1024x696,1024x696
393,extract,tractors,tractors,tail,1,images/extract/0393_extract_source.jpg,images/extract/0393_extract_condition.jpg,/scratch/peterwg/data/ImgEdit_mask/laion-aes/00002/00023/000237431.jpg,/scratch/peterwg/data/ImgEdit_mask/textmask_extract_ref/00002_00023_000237431_0_tractors.png,"[545, 617]","[919, 712]","[455, 220, 1010, 1083]","{""height"": 1499, ""width"": 1999}",1023x767,1023x767
394,extract,roll pillow,roll-pillow,tail,1,images/extract/0394_extract_source.jpg,images/extract/0394_extract_condition.jpg,/scratch/peterwg/data/ImgEdit_mask/laion-aes/00003/00039/000395356.jpg,/scratch/peterwg/data/ImgEdit_mask/textmask_extract_ref/00003_00039_000395356_0_roll-pillow.png,"[1005, 1219]","[1454, 1314]","[938, 1026, 1522, 1481]","{""height"": 2700, ""width"": 4805}",1024x575,1024x575
395,extract,town,town,tail,1,images/extract/0395_extract_source.jpg,images/extract/0395_extract_condition.jpg,/scratch/peterwg/data/ImgEdit_mask/laion-aes/00001/00009/000095210.jpg,/scratch/peterwg/data/ImgEdit_mask/textmask_extract_ref/00001_00009_000095210_0_town.png,"[1123, 1099]","[1344, 1194]","[0, 365, 2468, 1902]","{""height"": 1903, ""width"": 2538}",1024x767,1024x767
396,extract,treadmills,treadmills,tail,1,images/extract/0396_extract_source.jpg,images/extract/0396_extract_condition.jpg,/scratch/peterwg/data/ImgEdit_mask/laion-aes/00006/00004/000049677.jpg,/scratch/peterwg/data/ImgEdit_mask/textmask_extract_ref/00006_00004_000049677_1_treadmills.png,"[2282, 1047]","[2743, 1142]","[2026, 163, 3000, 2000]","{""height"": 2000, ""width"": 3000}",1024x682,1024x682
397,extract,specimen,specimen,tail,1,images/extract/0397_extract_source.jpg,images/extract/0397_extract_condition.jpg,/scratch/peterwg/data/ImgEdit_mask/laion-aes/00009/00036/000369381.jpg,/scratch/peterwg/data/ImgEdit_mask/textmask_extract_ref/00009_00036_000369381_0_specimen.png,"[2213, 873]","[2659, 968]","[132, 24, 4740, 1790]","{""height"": 3183, ""width"": 4774}",1024x682,1024x682
398,extract,silver candlesticks,silver-candlesticks,tail,1,images/extract/0398_extract_source.jpg,images/extract/0398_extract_condition.jpg,/scratch/peterwg/data/ImgEdit_mask/laion-aes/00003/00035/000356283.jpg,/scratch/peterwg/data/ImgEdit_mask/textmask_extract_ref/00003_00035_000356283_1_silver-candlesticks.png,"[919, 775]","[1782, 870]","[238, 5, 2465, 1613]","{""height"": 1944, ""width"": 2592}",1024x768,1024x768
399,extract,yellow ribbons,yellow-ribbons,tail,1,images/extract/0399_extract_source.jpg,images/extract/0399_extract_condition.jpg,/scratch/peterwg/data/ImgEdit_mask/laion-aes/00003/00030/000302089.jpg,/scratch/peterwg/data/ImgEdit_mask/textmask_extract_ref/00003_00030_000302089_1_yellow-ribbons.png,"[1138, 828]","[1806, 923]","[47, 6, 2897, 1718]","{""height"": 1722, ""width"": 2908}",1024x606,1024x606
400,extract,ship,ship,tail,1,images/extract/0400_extract_source.jpg,images/extract/0400_extract_condition.jpg,/scratch/peterwg/data/ImgEdit_mask/laion-aes/00004/00035/000351957.jpg,/scratch/peterwg/data/ImgEdit_mask/textmask_extract_ref/00004_00035_000351957_0_ship.png,"[1126, 571]","[1320, 666]","[398, 0, 2048, 1210]","{""height"": 1358, ""width"": 2048}",1024x679,1024x679
